Task ID,Host,Executor ID,Locality,Launch Time,Finish Time,Getting Result Time,Executor Run Time,Executor Deserialize Time,JVM GC Time,Result Size,Memory Bytes Spilled,Disk Bytes Spilled,Stage ID,Task Type
0,bsagent6.localdomain,90d05655-6af4-47e7-bf7e-08fcd1ad9aef-S11,ANY,1488232600817,1488232605322,0,2423,1852,112,2724,0,0,0,ShuffleMapTask
1,bsagent5.localdomain,90d05655-6af4-47e7-bf7e-08fcd1ad9aef-S9,ANY,1488232600904,1488232605642,0,2719,1915,0,2723,0,0,0,ShuffleMapTask
9,bsagent8.localdomain,90d05655-6af4-47e7-bf7e-08fcd1ad9aef-S14,ANY,1488232600929,1488232613419,0,10604,1765,193,2441,0,0,1,ShuffleMapTask
3,bsagent4.localdomain,90d05655-6af4-47e7-bf7e-08fcd1ad9aef-S10,ANY,1488232600928,1488232613934,0,11033,1846,205,2441,0,0,1,ShuffleMapTask
8,bsagent7.localdomain,90d05655-6af4-47e7-bf7e-08fcd1ad9aef-S13,ANY,1488232600929,1488232615137,0,12560,1560,211,2441,0,0,1,ShuffleMapTask
7,bsagent4.localdomain,90d05655-6af4-47e7-bf7e-08fcd1ad9aef-S10,ANY,1488232600929,1488232615212,0,12370,1849,205,2441,0,0,1,ShuffleMapTask
5,bsagent7.localdomain,90d05655-6af4-47e7-bf7e-08fcd1ad9aef-S13,ANY,1488232600928,1488232615334,0,12779,1547,211,2441,0,0,1,ShuffleMapTask
6,bsagent8.localdomain,90d05655-6af4-47e7-bf7e-08fcd1ad9aef-S14,ANY,1488232600929,1488232615455,0,12688,1761,193,2441,0,0,1,ShuffleMapTask
14,bsagent7.localdomain,90d05655-6af4-47e7-bf7e-08fcd1ad9aef-S13,ANY,1488232615118,1488232616054,0,790,118,0,2724,0,0,3,ShuffleMapTask
10,bsagent6.localdomain,90d05655-6af4-47e7-bf7e-08fcd1ad9aef-S11,ANY,1488232605252,1488232616373,0,11040,23,103,2441,0,0,1,ShuffleMapTask
15,bsagent4.localdomain,90d05655-6af4-47e7-bf7e-08fcd1ad9aef-S10,ANY,1488232615201,1488232616699,0,1337,96,46,2724,0,0,3,ShuffleMapTask
2,bsagent6.localdomain,90d05655-6af4-47e7-bf7e-08fcd1ad9aef-S11,ANY,1488232600928,1488232619110,0,16283,1842,215,2441,0,0,1,ShuffleMapTask
4,bsagent5.localdomain,90d05655-6af4-47e7-bf7e-08fcd1ad9aef-S9,ANY,1488232600928,1488232619375,0,16477,1906,152,2440,0,0,1,ShuffleMapTask
11,bsagent5.localdomain,90d05655-6af4-47e7-bf7e-08fcd1ad9aef-S9,ANY,1488232605615,1488232619574,0,13753,168,152,2440,0,0,1,ShuffleMapTask
13,bsagent4.localdomain,90d05655-6af4-47e7-bf7e-08fcd1ad9aef-S10,ANY,1488232613880,1488232619728,0,5775,31,46,2441,0,0,1,ShuffleMapTask
12,bsagent8.localdomain,90d05655-6af4-47e7-bf7e-08fcd1ad9aef-S14,ANY,1488232613380,1488232620370,0,6909,25,49,2441,0,0,1,ShuffleMapTask
17,bsagent6.localdomain,90d05655-6af4-47e7-bf7e-08fcd1ad9aef-S11,NODE_LOCAL,1488232620575,1488232621491,0,722,115,0,2110,0,0,2,ShuffleMapTask
16,bsagent6.localdomain,90d05655-6af4-47e7-bf7e-08fcd1ad9aef-S11,NODE_LOCAL,1488232620566,1488232621508,0,725,119,0,2110,0,0,2,ShuffleMapTask
18,bsagent6.localdomain,90d05655-6af4-47e7-bf7e-08fcd1ad9aef-S11,NODE_LOCAL,1488232621456,1488232621671,0,153,21,0,2110,0,0,2,ShuffleMapTask
19,bsagent6.localdomain,90d05655-6af4-47e7-bf7e-08fcd1ad9aef-S11,NODE_LOCAL,1488232621475,1488232621723,0,138,67,0,2110,0,0,2,ShuffleMapTask
21,bsagent6.localdomain,90d05655-6af4-47e7-bf7e-08fcd1ad9aef-S11,NODE_LOCAL,1488232621712,1488232621899,0,86,55,0,2110,0,0,2,ShuffleMapTask
20,bsagent6.localdomain,90d05655-6af4-47e7-bf7e-08fcd1ad9aef-S11,NODE_LOCAL,1488232621664,1488232621907,0,143,39,0,2110,0,0,2,ShuffleMapTask
22,bsagent6.localdomain,90d05655-6af4-47e7-bf7e-08fcd1ad9aef-S11,NODE_LOCAL,1488232621867,1488232622004,0,83,11,0,2110,0,0,2,ShuffleMapTask
23,bsagent6.localdomain,90d05655-6af4-47e7-bf7e-08fcd1ad9aef-S11,NODE_LOCAL,1488232621885,1488232622081,0,101,43,0,2110,0,0,2,ShuffleMapTask
24,bsagent6.localdomain,90d05655-6af4-47e7-bf7e-08fcd1ad9aef-S11,NODE_LOCAL,1488232621996,1488232622129,0,85,15,0,2110,0,0,2,ShuffleMapTask
26,bsagent6.localdomain,90d05655-6af4-47e7-bf7e-08fcd1ad9aef-S11,NODE_LOCAL,1488232622121,1488232622251,0,50,10,0,2110,0,0,2,ShuffleMapTask
25,bsagent6.localdomain,90d05655-6af4-47e7-bf7e-08fcd1ad9aef-S11,NODE_LOCAL,1488232622078,1488232622272,0,143,10,51,2110,0,0,2,ShuffleMapTask
28,bsagent6.localdomain,90d05655-6af4-47e7-bf7e-08fcd1ad9aef-S11,NODE_LOCAL,1488232622268,1488232622370,0,57,15,0,2110,0,0,2,ShuffleMapTask
27,bsagent6.localdomain,90d05655-6af4-47e7-bf7e-08fcd1ad9aef-S11,NODE_LOCAL,1488232622247,1488232622382,0,88,8,0,2110,0,0,2,ShuffleMapTask
30,bsagent6.localdomain,90d05655-6af4-47e7-bf7e-08fcd1ad9aef-S11,NODE_LOCAL,1488232622376,1488232622490,0,58,23,0,2110,0,0,2,ShuffleMapTask
29,bsagent6.localdomain,90d05655-6af4-47e7-bf7e-08fcd1ad9aef-S11,NODE_LOCAL,1488232622360,1488232622509,0,99,12,0,2110,0,0,2,ShuffleMapTask
32,bsagent6.localdomain,90d05655-6af4-47e7-bf7e-08fcd1ad9aef-S11,NODE_LOCAL,1488232622506,1488232622650,0,84,23,0,2110,0,0,2,ShuffleMapTask
31,bsagent6.localdomain,90d05655-6af4-47e7-bf7e-08fcd1ad9aef-S11,NODE_LOCAL,1488232622474,1488232622662,0,110,14,0,2110,0,0,2,ShuffleMapTask
33,bsagent6.localdomain,90d05655-6af4-47e7-bf7e-08fcd1ad9aef-S11,NODE_LOCAL,1488232622638,1488232622775,0,75,14,0,2110,0,0,2,ShuffleMapTask
34,bsagent6.localdomain,90d05655-6af4-47e7-bf7e-08fcd1ad9aef-S11,NODE_LOCAL,1488232622646,1488232622783,0,78,37,0,2110,0,0,2,ShuffleMapTask
35,bsagent6.localdomain,90d05655-6af4-47e7-bf7e-08fcd1ad9aef-S11,NODE_LOCAL,1488232622758,1488232622877,0,84,13,0,2110,0,0,2,ShuffleMapTask
36,bsagent6.localdomain,90d05655-6af4-47e7-bf7e-08fcd1ad9aef-S11,NODE_LOCAL,1488232622779,1488232622933,0,65,27,0,2110,0,0,2,ShuffleMapTask
37,bsagent6.localdomain,90d05655-6af4-47e7-bf7e-08fcd1ad9aef-S11,NODE_LOCAL,1488232622871,1488232622953,0,40,7,0,2110,0,0,2,ShuffleMapTask
38,bsagent6.localdomain,90d05655-6af4-47e7-bf7e-08fcd1ad9aef-S11,NODE_LOCAL,1488232622926,1488232623066,0,87,14,0,2110,0,0,2,ShuffleMapTask
39,bsagent6.localdomain,90d05655-6af4-47e7-bf7e-08fcd1ad9aef-S11,NODE_LOCAL,1488232622942,1488232623095,0,69,26,0,2110,0,0,2,ShuffleMapTask
40,bsagent6.localdomain,90d05655-6af4-47e7-bf7e-08fcd1ad9aef-S11,NODE_LOCAL,1488232623053,1488232623163,0,63,10,0,2110,0,0,2,ShuffleMapTask
42,bsagent6.localdomain,90d05655-6af4-47e7-bf7e-08fcd1ad9aef-S11,NODE_LOCAL,1488232623148,1488232623303,0,81,22,0,2110,0,0,2,ShuffleMapTask
41,bsagent6.localdomain,90d05655-6af4-47e7-bf7e-08fcd1ad9aef-S11,NODE_LOCAL,1488232623087,1488232623305,0,117,27,0,2110,0,0,2,ShuffleMapTask
43,bsagent6.localdomain,90d05655-6af4-47e7-bf7e-08fcd1ad9aef-S11,NODE_LOCAL,1488232623279,1488232623453,0,110,10,0,2110,0,0,2,ShuffleMapTask
44,bsagent6.localdomain,90d05655-6af4-47e7-bf7e-08fcd1ad9aef-S11,NODE_LOCAL,1488232623291,1488232623470,0,89,11,0,2110,0,0,2,ShuffleMapTask
45,bsagent6.localdomain,90d05655-6af4-47e7-bf7e-08fcd1ad9aef-S11,NODE_LOCAL,1488232623426,1488232623579,0,102,10,0,2110,0,0,2,ShuffleMapTask
46,bsagent6.localdomain,90d05655-6af4-47e7-bf7e-08fcd1ad9aef-S11,NODE_LOCAL,1488232623466,1488232623590,0,70,16,0,2110,0,0,2,ShuffleMapTask
47,bsagent6.localdomain,90d05655-6af4-47e7-bf7e-08fcd1ad9aef-S11,NODE_LOCAL,1488232623567,1488232623715,0,112,7,0,2110,0,0,2,ShuffleMapTask
48,bsagent6.localdomain,90d05655-6af4-47e7-bf7e-08fcd1ad9aef-S11,NODE_LOCAL,1488232623586,1488232623720,0,79,13,0,2110,0,0,2,ShuffleMapTask
50,bsagent6.localdomain,90d05655-6af4-47e7-bf7e-08fcd1ad9aef-S11,NODE_LOCAL,1488232623716,1488232623849,0,103,10,0,2110,0,0,2,ShuffleMapTask
49,bsagent6.localdomain,90d05655-6af4-47e7-bf7e-08fcd1ad9aef-S11,NODE_LOCAL,1488232623698,1488232623860,0,111,25,0,2110,0,0,2,ShuffleMapTask
51,bsagent6.localdomain,90d05655-6af4-47e7-bf7e-08fcd1ad9aef-S11,NODE_LOCAL,1488232623841,1488232623962,0,65,7,0,2110,0,0,2,ShuffleMapTask
52,bsagent6.localdomain,90d05655-6af4-47e7-bf7e-08fcd1ad9aef-S11,NODE_LOCAL,1488232623856,1488232623971,0,50,12,0,2110,0,0,2,ShuffleMapTask
53,bsagent6.localdomain,90d05655-6af4-47e7-bf7e-08fcd1ad9aef-S11,NODE_LOCAL,1488232623940,1488232624057,0,74,7,0,2110,0,0,2,ShuffleMapTask
54,bsagent6.localdomain,90d05655-6af4-47e7-bf7e-08fcd1ad9aef-S11,NODE_LOCAL,1488232623957,1488232624108,0,61,6,0,2110,0,0,2,ShuffleMapTask
55,bsagent6.localdomain,90d05655-6af4-47e7-bf7e-08fcd1ad9aef-S11,NODE_LOCAL,1488232624048,1488232624157,0,65,6,0,2110,0,0,2,ShuffleMapTask
56,bsagent6.localdomain,90d05655-6af4-47e7-bf7e-08fcd1ad9aef-S11,NODE_LOCAL,1488232624092,1488232624185,0,61,6,0,2110,0,0,2,ShuffleMapTask
58,bsagent6.localdomain,90d05655-6af4-47e7-bf7e-08fcd1ad9aef-S11,NODE_LOCAL,1488232624174,1488232624290,0,58,14,0,2110,0,0,2,ShuffleMapTask
57,bsagent6.localdomain,90d05655-6af4-47e7-bf7e-08fcd1ad9aef-S11,NODE_LOCAL,1488232624141,1488232624310,0,74,9,0,2110,0,0,2,ShuffleMapTask
59,bsagent6.localdomain,90d05655-6af4-47e7-bf7e-08fcd1ad9aef-S11,NODE_LOCAL,1488232624247,1488232624426,0,71,20,0,2110,0,0,2,ShuffleMapTask
60,bsagent6.localdomain,90d05655-6af4-47e7-bf7e-08fcd1ad9aef-S11,NODE_LOCAL,1488232624271,1488232624467,0,79,10,0,2110,0,0,2,ShuffleMapTask
62,bsagent6.localdomain,90d05655-6af4-47e7-bf7e-08fcd1ad9aef-S11,NODE_LOCAL,1488232624417,1488232624530,0,62,7,0,2110,0,0,2,ShuffleMapTask
61,bsagent6.localdomain,90d05655-6af4-47e7-bf7e-08fcd1ad9aef-S11,NODE_LOCAL,1488232624397,1488232624541,0,110,6,0,2110,0,0,2,ShuffleMapTask
63,bsagent6.localdomain,90d05655-6af4-47e7-bf7e-08fcd1ad9aef-S11,NODE_LOCAL,1488232624523,1488232624603,0,58,6,0,2110,0,0,2,ShuffleMapTask
64,bsagent6.localdomain,90d05655-6af4-47e7-bf7e-08fcd1ad9aef-S11,NODE_LOCAL,1488232624538,1488232624620,0,43,6,0,2110,0,0,2,ShuffleMapTask
65,bsagent6.localdomain,90d05655-6af4-47e7-bf7e-08fcd1ad9aef-S11,NODE_LOCAL,1488232624599,1488232624659,0,37,6,0,2110,0,0,2,ShuffleMapTask
67,bsagent6.localdomain,90d05655-6af4-47e7-bf7e-08fcd1ad9aef-S11,NODE_LOCAL,1488232624652,1488232624732,0,53,7,0,2110,0,0,2,ShuffleMapTask
66,bsagent6.localdomain,90d05655-6af4-47e7-bf7e-08fcd1ad9aef-S11,NODE_LOCAL,1488232624615,1488232624770,0,75,21,0,2110,0,0,2,ShuffleMapTask
68,bsagent6.localdomain,90d05655-6af4-47e7-bf7e-08fcd1ad9aef-S11,NODE_LOCAL,1488232624725,1488232624809,0,55,5,0,2110,0,0,2,ShuffleMapTask
69,bsagent6.localdomain,90d05655-6af4-47e7-bf7e-08fcd1ad9aef-S11,NODE_LOCAL,1488232624764,1488232624874,0,75,7,0,2110,0,0,2,ShuffleMapTask
70,bsagent6.localdomain,90d05655-6af4-47e7-bf7e-08fcd1ad9aef-S11,NODE_LOCAL,1488232624800,1488232624930,0,88,17,0,2110,0,0,2,ShuffleMapTask
71,bsagent6.localdomain,90d05655-6af4-47e7-bf7e-08fcd1ad9aef-S11,NODE_LOCAL,1488232624867,1488232624992,0,96,6,0,2110,0,0,2,ShuffleMapTask
72,bsagent6.localdomain,90d05655-6af4-47e7-bf7e-08fcd1ad9aef-S11,NODE_LOCAL,1488232624923,1488232625014,0,68,5,0,2110,0,0,2,ShuffleMapTask
73,bsagent6.localdomain,90d05655-6af4-47e7-bf7e-08fcd1ad9aef-S11,NODE_LOCAL,1488232624988,1488232625147,0,114,20,38,2110,0,0,2,ShuffleMapTask
74,bsagent6.localdomain,90d05655-6af4-47e7-bf7e-08fcd1ad9aef-S11,NODE_LOCAL,1488232625011,1488232625162,0,96,25,38,2110,0,0,2,ShuffleMapTask
75,bsagent6.localdomain,90d05655-6af4-47e7-bf7e-08fcd1ad9aef-S11,NODE_LOCAL,1488232625137,1488232625234,0,74,7,0,2110,0,0,2,ShuffleMapTask
76,bsagent6.localdomain,90d05655-6af4-47e7-bf7e-08fcd1ad9aef-S11,NODE_LOCAL,1488232625154,1488232625249,0,52,15,0,2110,0,0,2,ShuffleMapTask
77,bsagent6.localdomain,90d05655-6af4-47e7-bf7e-08fcd1ad9aef-S11,NODE_LOCAL,1488232625229,1488232625344,0,77,4,0,2110,0,0,2,ShuffleMapTask
78,bsagent6.localdomain,90d05655-6af4-47e7-bf7e-08fcd1ad9aef-S11,NODE_LOCAL,1488232625245,1488232625355,0,63,4,0,2110,0,0,2,ShuffleMapTask
79,bsagent6.localdomain,90d05655-6af4-47e7-bf7e-08fcd1ad9aef-S11,NODE_LOCAL,1488232625337,1488232625421,0,60,4,0,2110,0,0,2,ShuffleMapTask
80,bsagent6.localdomain,90d05655-6af4-47e7-bf7e-08fcd1ad9aef-S11,NODE_LOCAL,1488232625350,1488232625471,0,74,22,0,2110,0,0,2,ShuffleMapTask
81,bsagent6.localdomain,90d05655-6af4-47e7-bf7e-08fcd1ad9aef-S11,NODE_LOCAL,1488232625418,1488232625525,0,82,6,0,2110,0,0,2,ShuffleMapTask
82,bsagent6.localdomain,90d05655-6af4-47e7-bf7e-08fcd1ad9aef-S11,NODE_LOCAL,1488232625468,1488232625534,0,45,4,0,2110,0,0,2,ShuffleMapTask
83,bsagent6.localdomain,90d05655-6af4-47e7-bf7e-08fcd1ad9aef-S11,NODE_LOCAL,1488232625521,1488232625617,0,66,10,0,2110,0,0,2,ShuffleMapTask
84,bsagent6.localdomain,90d05655-6af4-47e7-bf7e-08fcd1ad9aef-S11,NODE_LOCAL,1488232625531,1488232625625,0,67,3,0,2110,0,0,2,ShuffleMapTask
85,bsagent6.localdomain,90d05655-6af4-47e7-bf7e-08fcd1ad9aef-S11,NODE_LOCAL,1488232625609,1488232625684,0,46,4,0,2110,0,0,2,ShuffleMapTask
86,bsagent6.localdomain,90d05655-6af4-47e7-bf7e-08fcd1ad9aef-S11,NODE_LOCAL,1488232625622,1488232625719,0,61,5,0,2110,0,0,2,ShuffleMapTask
87,bsagent6.localdomain,90d05655-6af4-47e7-bf7e-08fcd1ad9aef-S11,NODE_LOCAL,1488232625673,1488232625759,0,61,3,0,2110,0,0,2,ShuffleMapTask
88,bsagent6.localdomain,90d05655-6af4-47e7-bf7e-08fcd1ad9aef-S11,NODE_LOCAL,1488232625712,1488232625790,0,53,5,0,2110,0,0,2,ShuffleMapTask
89,bsagent6.localdomain,90d05655-6af4-47e7-bf7e-08fcd1ad9aef-S11,NODE_LOCAL,1488232625755,1488232625828,0,39,3,0,2110,0,0,2,ShuffleMapTask
91,bsagent6.localdomain,90d05655-6af4-47e7-bf7e-08fcd1ad9aef-S11,NODE_LOCAL,1488232625807,1488232625885,0,37,5,0,2110,0,0,2,ShuffleMapTask
90,bsagent6.localdomain,90d05655-6af4-47e7-bf7e-08fcd1ad9aef-S11,NODE_LOCAL,1488232625784,1488232625898,0,68,6,0,2110,0,0,2,ShuffleMapTask
92,bsagent6.localdomain,90d05655-6af4-47e7-bf7e-08fcd1ad9aef-S11,NODE_LOCAL,1488232625868,1488232625973,0,74,5,0,2110,0,0,2,ShuffleMapTask
93,bsagent6.localdomain,90d05655-6af4-47e7-bf7e-08fcd1ad9aef-S11,NODE_LOCAL,1488232625875,1488232626021,0,42,4,0,2110,0,0,2,ShuffleMapTask
94,bsagent6.localdomain,90d05655-6af4-47e7-bf7e-08fcd1ad9aef-S11,NODE_LOCAL,1488232625961,1488232626092,0,84,4,0,2110,0,0,2,ShuffleMapTask
95,bsagent6.localdomain,90d05655-6af4-47e7-bf7e-08fcd1ad9aef-S11,NODE_LOCAL,1488232625996,1488232626155,0,88,8,0,2110,0,0,2,ShuffleMapTask
96,bsagent6.localdomain,90d05655-6af4-47e7-bf7e-08fcd1ad9aef-S11,NODE_LOCAL,1488232626070,1488232626162,0,33,3,0,2110,0,0,2,ShuffleMapTask
97,bsagent6.localdomain,90d05655-6af4-47e7-bf7e-08fcd1ad9aef-S11,NODE_LOCAL,1488232626119,1488232626248,0,85,3,37,2110,0,0,2,ShuffleMapTask
98,bsagent6.localdomain,90d05655-6af4-47e7-bf7e-08fcd1ad9aef-S11,NODE_LOCAL,1488232626128,1488232626302,0,80,6,37,2110,0,0,2,ShuffleMapTask
99,bsagent6.localdomain,90d05655-6af4-47e7-bf7e-08fcd1ad9aef-S11,NODE_LOCAL,1488232626233,1488232626333,0,42,5,0,2110,0,0,2,ShuffleMapTask
101,bsagent6.localdomain,90d05655-6af4-47e7-bf7e-08fcd1ad9aef-S11,NODE_LOCAL,1488232626320,1488232626417,0,36,3,0,2110,0,0,2,ShuffleMapTask
100,bsagent6.localdomain,90d05655-6af4-47e7-bf7e-08fcd1ad9aef-S11,NODE_LOCAL,1488232626286,1488232626430,0,34,3,0,2110,0,0,2,ShuffleMapTask
102,bsagent6.localdomain,90d05655-6af4-47e7-bf7e-08fcd1ad9aef-S11,NODE_LOCAL,1488232626377,1488232626463,0,42,4,0,2110,0,0,2,ShuffleMapTask
103,bsagent6.localdomain,90d05655-6af4-47e7-bf7e-08fcd1ad9aef-S11,NODE_LOCAL,1488232626407,1488232626510,0,42,5,0,2110,0,0,2,ShuffleMapTask
104,bsagent6.localdomain,90d05655-6af4-47e7-bf7e-08fcd1ad9aef-S11,NODE_LOCAL,1488232626457,1488232626569,0,75,11,0,2110,0,0,2,ShuffleMapTask
105,bsagent6.localdomain,90d05655-6af4-47e7-bf7e-08fcd1ad9aef-S11,NODE_LOCAL,1488232626501,1488232626595,0,55,7,0,2110,0,0,2,ShuffleMapTask
106,bsagent6.localdomain,90d05655-6af4-47e7-bf7e-08fcd1ad9aef-S11,NODE_LOCAL,1488232626564,1488232626651,0,55,2,0,2110,0,0,2,ShuffleMapTask
107,bsagent6.localdomain,90d05655-6af4-47e7-bf7e-08fcd1ad9aef-S11,NODE_LOCAL,1488232626585,1488232626721,0,95,13,0,2110,0,0,2,ShuffleMapTask
108,bsagent6.localdomain,90d05655-6af4-47e7-bf7e-08fcd1ad9aef-S11,NODE_LOCAL,1488232626646,1488232626724,0,54,3,0,2110,0,0,2,ShuffleMapTask
110,bsagent6.localdomain,90d05655-6af4-47e7-bf7e-08fcd1ad9aef-S11,NODE_LOCAL,1488232626734,1488232626827,0,76,2,0,2110,0,0,2,ShuffleMapTask
109,bsagent6.localdomain,90d05655-6af4-47e7-bf7e-08fcd1ad9aef-S11,NODE_LOCAL,1488232626715,1488232626889,0,139,3,0,2110,0,0,2,ShuffleMapTask
111,bsagent6.localdomain,90d05655-6af4-47e7-bf7e-08fcd1ad9aef-S11,NODE_LOCAL,1488232626822,1488232626901,0,59,3,0,2110,0,0,2,ShuffleMapTask
112,bsagent6.localdomain,90d05655-6af4-47e7-bf7e-08fcd1ad9aef-S11,NODE_LOCAL,1488232626885,1488232626978,0,72,5,0,2110,0,0,2,ShuffleMapTask
113,bsagent6.localdomain,90d05655-6af4-47e7-bf7e-08fcd1ad9aef-S11,NODE_LOCAL,1488232626899,1488232626988,0,73,2,0,2110,0,0,2,ShuffleMapTask
114,bsagent6.localdomain,90d05655-6af4-47e7-bf7e-08fcd1ad9aef-S11,NODE_LOCAL,1488232626973,1488232627052,0,58,9,0,2110,0,0,2,ShuffleMapTask
115,bsagent6.localdomain,90d05655-6af4-47e7-bf7e-08fcd1ad9aef-S11,NODE_LOCAL,1488232626986,1488232627078,0,74,4,0,2110,0,0,2,ShuffleMapTask
116,bsagent6.localdomain,90d05655-6af4-47e7-bf7e-08fcd1ad9aef-S11,NODE_LOCAL,1488232627047,1488232627104,0,39,3,0,2110,0,0,2,ShuffleMapTask
117,bsagent6.localdomain,90d05655-6af4-47e7-bf7e-08fcd1ad9aef-S11,NODE_LOCAL,1488232627075,1488232627139,0,47,5,0,2110,0,0,2,ShuffleMapTask
118,bsagent6.localdomain,90d05655-6af4-47e7-bf7e-08fcd1ad9aef-S11,NODE_LOCAL,1488232627099,1488232627176,0,50,7,0,2110,0,0,2,ShuffleMapTask
119,bsagent6.localdomain,90d05655-6af4-47e7-bf7e-08fcd1ad9aef-S11,NODE_LOCAL,1488232627135,1488232627222,0,54,3,0,2110,0,0,2,ShuffleMapTask
121,bsagent6.localdomain,90d05655-6af4-47e7-bf7e-08fcd1ad9aef-S11,NODE_LOCAL,1488232627215,1488232627276,0,33,2,0,2110,0,0,2,ShuffleMapTask
120,bsagent6.localdomain,90d05655-6af4-47e7-bf7e-08fcd1ad9aef-S11,NODE_LOCAL,1488232627169,1488232627281,0,82,4,0,2110,0,0,2,ShuffleMapTask
122,bsagent6.localdomain,90d05655-6af4-47e7-bf7e-08fcd1ad9aef-S11,NODE_LOCAL,1488232627264,1488232627355,0,62,2,7,2110,0,0,2,ShuffleMapTask
123,bsagent6.localdomain,90d05655-6af4-47e7-bf7e-08fcd1ad9aef-S11,NODE_LOCAL,1488232627272,1488232627392,0,82,5,0,2110,0,0,2,ShuffleMapTask
124,bsagent6.localdomain,90d05655-6af4-47e7-bf7e-08fcd1ad9aef-S11,NODE_LOCAL,1488232627338,1488232627407,0,40,2,0,2110,0,0,2,ShuffleMapTask
125,bsagent6.localdomain,90d05655-6af4-47e7-bf7e-08fcd1ad9aef-S11,NODE_LOCAL,1488232627386,1488232627463,0,60,2,0,2110,0,0,2,ShuffleMapTask
126,bsagent6.localdomain,90d05655-6af4-47e7-bf7e-08fcd1ad9aef-S11,NODE_LOCAL,1488232627397,1488232627477,0,48,4,0,2110,0,0,2,ShuffleMapTask
127,bsagent6.localdomain,90d05655-6af4-47e7-bf7e-08fcd1ad9aef-S11,NODE_LOCAL,1488232627460,1488232627520,0,43,2,0,2110,0,0,2,ShuffleMapTask
128,bsagent6.localdomain,90d05655-6af4-47e7-bf7e-08fcd1ad9aef-S11,NODE_LOCAL,1488232627475,1488232627552,0,56,4,0,2110,0,0,2,ShuffleMapTask
129,bsagent6.localdomain,90d05655-6af4-47e7-bf7e-08fcd1ad9aef-S11,NODE_LOCAL,1488232627514,1488232627561,0,35,2,0,2110,0,0,2,ShuffleMapTask
130,bsagent6.localdomain,90d05655-6af4-47e7-bf7e-08fcd1ad9aef-S11,NODE_LOCAL,1488232627547,1488232627608,0,43,3,0,2110,0,0,2,ShuffleMapTask
131,bsagent6.localdomain,90d05655-6af4-47e7-bf7e-08fcd1ad9aef-S11,NODE_LOCAL,1488232627558,1488232627639,0,47,4,0,2110,0,0,2,ShuffleMapTask
132,bsagent6.localdomain,90d05655-6af4-47e7-bf7e-08fcd1ad9aef-S11,NODE_LOCAL,1488232627604,1488232627679,0,59,3,0,2110,0,0,2,ShuffleMapTask
133,bsagent6.localdomain,90d05655-6af4-47e7-bf7e-08fcd1ad9aef-S11,NODE_LOCAL,1488232627635,1488232627687,0,32,2,0,2110,0,0,2,ShuffleMapTask
134,bsagent6.localdomain,90d05655-6af4-47e7-bf7e-08fcd1ad9aef-S11,NODE_LOCAL,1488232627674,1488232628033,0,340,1,15,2110,0,0,2,ShuffleMapTask
135,bsagent6.localdomain,90d05655-6af4-47e7-bf7e-08fcd1ad9aef-S11,NODE_LOCAL,1488232627681,1488232628052,0,336,5,15,2110,0,0,2,ShuffleMapTask
136,bsagent6.localdomain,90d05655-6af4-47e7-bf7e-08fcd1ad9aef-S11,NODE_LOCAL,1488232628024,1488232628269,0,211,4,0,2110,0,0,2,ShuffleMapTask
137,bsagent6.localdomain,90d05655-6af4-47e7-bf7e-08fcd1ad9aef-S11,NODE_LOCAL,1488232628043,1488232628310,0,228,4,0,2110,0,0,2,ShuffleMapTask
138,bsagent6.localdomain,90d05655-6af4-47e7-bf7e-08fcd1ad9aef-S11,NODE_LOCAL,1488232628255,1488232628391,0,103,2,0,2110,0,0,2,ShuffleMapTask
139,bsagent6.localdomain,90d05655-6af4-47e7-bf7e-08fcd1ad9aef-S11,NODE_LOCAL,1488232628299,1488232628494,0,158,4,0,2110,0,0,2,ShuffleMapTask
140,bsagent6.localdomain,90d05655-6af4-47e7-bf7e-08fcd1ad9aef-S11,NODE_LOCAL,1488232628376,1488232628502,0,88,2,0,2110,0,0,2,ShuffleMapTask
142,bsagent6.localdomain,90d05655-6af4-47e7-bf7e-08fcd1ad9aef-S11,NODE_LOCAL,1488232628500,1488232628665,0,107,3,16,2110,0,0,2,ShuffleMapTask
141,bsagent6.localdomain,90d05655-6af4-47e7-bf7e-08fcd1ad9aef-S11,NODE_LOCAL,1488232628484,1488232628711,0,182,5,16,2110,0,0,2,ShuffleMapTask
143,bsagent6.localdomain,90d05655-6af4-47e7-bf7e-08fcd1ad9aef-S11,NODE_LOCAL,1488232628641,1488232628766,0,84,3,0,2110,0,0,2,ShuffleMapTask
144,bsagent6.localdomain,90d05655-6af4-47e7-bf7e-08fcd1ad9aef-S11,NODE_LOCAL,1488232628686,1488232628860,0,129,3,0,2110,0,0,2,ShuffleMapTask
145,bsagent6.localdomain,90d05655-6af4-47e7-bf7e-08fcd1ad9aef-S11,NODE_LOCAL,1488232628748,1488232628886,0,115,1,0,2110,0,0,2,ShuffleMapTask
147,bsagent6.localdomain,90d05655-6af4-47e7-bf7e-08fcd1ad9aef-S11,NODE_LOCAL,1488232628882,1488232629073,0,152,3,33,2110,0,0,2,ShuffleMapTask
146,bsagent6.localdomain,90d05655-6af4-47e7-bf7e-08fcd1ad9aef-S11,NODE_LOCAL,1488232628844,1488232629097,0,195,6,33,2110,0,0,2,ShuffleMapTask
149,bsagent6.localdomain,90d05655-6af4-47e7-bf7e-08fcd1ad9aef-S11,NODE_LOCAL,1488232629088,1488232629222,0,98,3,0,2110,0,0,2,ShuffleMapTask
148,bsagent6.localdomain,90d05655-6af4-47e7-bf7e-08fcd1ad9aef-S11,NODE_LOCAL,1488232629061,1488232629258,0,171,3,0,2110,0,0,2,ShuffleMapTask
151,bsagent6.localdomain,90d05655-6af4-47e7-bf7e-08fcd1ad9aef-S11,NODE_LOCAL,1488232629251,1488232629389,0,98,3,0,2110,0,0,2,ShuffleMapTask
150,bsagent6.localdomain,90d05655-6af4-47e7-bf7e-08fcd1ad9aef-S11,NODE_LOCAL,1488232629208,1488232629412,0,137,4,0,2110,0,0,2,ShuffleMapTask
152,bsagent6.localdomain,90d05655-6af4-47e7-bf7e-08fcd1ad9aef-S11,NODE_LOCAL,1488232629363,1488232629535,0,128,4,0,2110,0,0,2,ShuffleMapTask
153,bsagent6.localdomain,90d05655-6af4-47e7-bf7e-08fcd1ad9aef-S11,NODE_LOCAL,1488232629379,1488232629629,0,187,4,13,2110,0,0,2,ShuffleMapTask
154,bsagent6.localdomain,90d05655-6af4-47e7-bf7e-08fcd1ad9aef-S11,NODE_LOCAL,1488232629516,1488232629716,0,128,3,13,2110,0,0,2,ShuffleMapTask
155,bsagent6.localdomain,90d05655-6af4-47e7-bf7e-08fcd1ad9aef-S11,NODE_LOCAL,1488232629626,1488232629782,0,133,3,0,2110,0,0,2,ShuffleMapTask
156,bsagent6.localdomain,90d05655-6af4-47e7-bf7e-08fcd1ad9aef-S11,NODE_LOCAL,1488232629662,1488232629830,0,141,3,0,2110,0,0,2,ShuffleMapTask
157,bsagent6.localdomain,90d05655-6af4-47e7-bf7e-08fcd1ad9aef-S11,NODE_LOCAL,1488232629778,1488232629933,0,125,4,0,2110,0,0,2,ShuffleMapTask
158,bsagent6.localdomain,90d05655-6af4-47e7-bf7e-08fcd1ad9aef-S11,NODE_LOCAL,1488232629828,1488232629981,0,122,3,0,2110,0,0,2,ShuffleMapTask
159,bsagent6.localdomain,90d05655-6af4-47e7-bf7e-08fcd1ad9aef-S11,NODE_LOCAL,1488232629918,1488232630111,0,142,3,28,2110,0,0,2,ShuffleMapTask
160,bsagent6.localdomain,90d05655-6af4-47e7-bf7e-08fcd1ad9aef-S11,NODE_LOCAL,1488232629964,1488232630125,0,117,5,28,2110,0,0,2,ShuffleMapTask
161,bsagent6.localdomain,90d05655-6af4-47e7-bf7e-08fcd1ad9aef-S11,NODE_LOCAL,1488232630083,1488232630268,0,131,8,0,2110,0,0,2,ShuffleMapTask
162,bsagent6.localdomain,90d05655-6af4-47e7-bf7e-08fcd1ad9aef-S11,NODE_LOCAL,1488232630118,1488232630305,0,122,14,0,2110,0,0,2,ShuffleMapTask
163,bsagent6.localdomain,90d05655-6af4-47e7-bf7e-08fcd1ad9aef-S11,NODE_LOCAL,1488232630255,1488232630400,0,98,3,0,2110,0,0,2,ShuffleMapTask
164,bsagent6.localdomain,90d05655-6af4-47e7-bf7e-08fcd1ad9aef-S11,NODE_LOCAL,1488232630276,1488232630424,0,95,4,0,2110,0,0,2,ShuffleMapTask
165,bsagent6.localdomain,90d05655-6af4-47e7-bf7e-08fcd1ad9aef-S11,NODE_LOCAL,1488232630375,1488232630442,0,33,3,0,2110,0,0,2,ShuffleMapTask
166,bsagent6.localdomain,90d05655-6af4-47e7-bf7e-08fcd1ad9aef-S11,NODE_LOCAL,1488232630415,1488232630495,0,55,3,0,2110,0,0,2,ShuffleMapTask
167,bsagent6.localdomain,90d05655-6af4-47e7-bf7e-08fcd1ad9aef-S11,NODE_LOCAL,1488232630437,1488232630503,0,42,3,0,2110,0,0,2,ShuffleMapTask
169,bsagent6.localdomain,90d05655-6af4-47e7-bf7e-08fcd1ad9aef-S11,NODE_LOCAL,1488232630501,1488232630569,0,45,3,0,2110,0,0,2,ShuffleMapTask
168,bsagent6.localdomain,90d05655-6af4-47e7-bf7e-08fcd1ad9aef-S11,NODE_LOCAL,1488232630491,1488232630580,0,54,3,0,2110,0,0,2,ShuffleMapTask
170,bsagent6.localdomain,90d05655-6af4-47e7-bf7e-08fcd1ad9aef-S11,NODE_LOCAL,1488232630558,1488232630641,0,43,5,7,2110,0,0,2,ShuffleMapTask
171,bsagent6.localdomain,90d05655-6af4-47e7-bf7e-08fcd1ad9aef-S11,NODE_LOCAL,1488232630582,1488232630675,0,72,4,7,2110,0,0,2,ShuffleMapTask
172,bsagent6.localdomain,90d05655-6af4-47e7-bf7e-08fcd1ad9aef-S11,NODE_LOCAL,1488232630637,1488232630701,0,47,2,0,2110,0,0,2,ShuffleMapTask
173,bsagent6.localdomain,90d05655-6af4-47e7-bf7e-08fcd1ad9aef-S11,NODE_LOCAL,1488232630666,1488232630723,0,32,2,0,2110,0,0,2,ShuffleMapTask
174,bsagent6.localdomain,90d05655-6af4-47e7-bf7e-08fcd1ad9aef-S11,NODE_LOCAL,1488232630694,1488232630764,0,43,5,0,2110,0,0,2,ShuffleMapTask
175,bsagent6.localdomain,90d05655-6af4-47e7-bf7e-08fcd1ad9aef-S11,NODE_LOCAL,1488232630711,1488232630789,0,57,7,0,2110,0,0,2,ShuffleMapTask
176,bsagent6.localdomain,90d05655-6af4-47e7-bf7e-08fcd1ad9aef-S11,NODE_LOCAL,1488232630758,1488232630803,0,32,2,0,2110,0,0,2,ShuffleMapTask
178,bsagent6.localdomain,90d05655-6af4-47e7-bf7e-08fcd1ad9aef-S11,NODE_LOCAL,1488232630802,1488232630850,0,34,2,0,2110,0,0,2,ShuffleMapTask
177,bsagent6.localdomain,90d05655-6af4-47e7-bf7e-08fcd1ad9aef-S11,NODE_LOCAL,1488232630786,1488232630890,0,63,4,0,2110,0,0,2,ShuffleMapTask
179,bsagent6.localdomain,90d05655-6af4-47e7-bf7e-08fcd1ad9aef-S11,NODE_LOCAL,1488232630847,1488232630899,0,27,2,0,2110,0,0,2,ShuffleMapTask
180,bsagent6.localdomain,90d05655-6af4-47e7-bf7e-08fcd1ad9aef-S11,NODE_LOCAL,1488232630873,1488232630941,0,40,3,0,2110,0,0,2,ShuffleMapTask
181,bsagent6.localdomain,90d05655-6af4-47e7-bf7e-08fcd1ad9aef-S11,NODE_LOCAL,1488232630895,1488232630968,0,45,1,0,2110,0,0,2,ShuffleMapTask
182,bsagent6.localdomain,90d05655-6af4-47e7-bf7e-08fcd1ad9aef-S11,NODE_LOCAL,1488232630938,1488232630983,0,29,2,0,2110,0,0,2,ShuffleMapTask
183,bsagent6.localdomain,90d05655-6af4-47e7-bf7e-08fcd1ad9aef-S11,NODE_LOCAL,1488232630955,1488232631004,0,34,4,0,2110,0,0,2,ShuffleMapTask
184,bsagent6.localdomain,90d05655-6af4-47e7-bf7e-08fcd1ad9aef-S11,NODE_LOCAL,1488232630980,1488232631106,0,105,2,0,2110,0,0,2,ShuffleMapTask
186,bsagent6.localdomain,90d05655-6af4-47e7-bf7e-08fcd1ad9aef-S11,NODE_LOCAL,1488232631104,1488232631189,0,62,4,0,2110,0,0,2,ShuffleMapTask
185,bsagent6.localdomain,90d05655-6af4-47e7-bf7e-08fcd1ad9aef-S11,NODE_LOCAL,1488232631001,1488232631247,0,221,2,0,2110,0,0,2,ShuffleMapTask
187,bsagent6.localdomain,90d05655-6af4-47e7-bf7e-08fcd1ad9aef-S11,NODE_LOCAL,1488232631180,1488232631273,0,63,13,10,2110,0,0,2,ShuffleMapTask
188,bsagent6.localdomain,90d05655-6af4-47e7-bf7e-08fcd1ad9aef-S11,NODE_LOCAL,1488232631238,1488232631321,0,56,4,0,2110,0,0,2,ShuffleMapTask
189,bsagent6.localdomain,90d05655-6af4-47e7-bf7e-08fcd1ad9aef-S11,NODE_LOCAL,1488232631270,1488232631360,0,62,2,0,2110,0,0,2,ShuffleMapTask
190,bsagent6.localdomain,90d05655-6af4-47e7-bf7e-08fcd1ad9aef-S11,NODE_LOCAL,1488232631316,1488232631367,0,35,2,0,2110,0,0,2,ShuffleMapTask
192,bsagent6.localdomain,90d05655-6af4-47e7-bf7e-08fcd1ad9aef-S11,NODE_LOCAL,1488232631364,1488232631467,0,79,3,0,2110,0,0,2,ShuffleMapTask
191,bsagent6.localdomain,90d05655-6af4-47e7-bf7e-08fcd1ad9aef-S11,NODE_LOCAL,1488232631354,1488232631472,0,77,5,0,2110,0,0,2,ShuffleMapTask
194,bsagent6.localdomain,90d05655-6af4-47e7-bf7e-08fcd1ad9aef-S11,NODE_LOCAL,1488232631465,1488232631553,0,39,23,0,2110,0,0,2,ShuffleMapTask
193,bsagent6.localdomain,90d05655-6af4-47e7-bf7e-08fcd1ad9aef-S11,NODE_LOCAL,1488232631455,1488232631564,0,69,3,0,2110,0,0,2,ShuffleMapTask
195,bsagent6.localdomain,90d05655-6af4-47e7-bf7e-08fcd1ad9aef-S11,NODE_LOCAL,1488232631540,1488232631619,0,53,3,0,2110,0,0,2,ShuffleMapTask
196,bsagent6.localdomain,90d05655-6af4-47e7-bf7e-08fcd1ad9aef-S11,NODE_LOCAL,1488232631565,1488232631651,0,69,4,0,2110,0,0,2,ShuffleMapTask
197,bsagent6.localdomain,90d05655-6af4-47e7-bf7e-08fcd1ad9aef-S11,NODE_LOCAL,1488232631613,1488232631676,0,35,3,0,2110,0,0,2,ShuffleMapTask
198,bsagent6.localdomain,90d05655-6af4-47e7-bf7e-08fcd1ad9aef-S11,NODE_LOCAL,1488232631648,1488232631740,0,63,2,0,2110,0,0,2,ShuffleMapTask
199,bsagent6.localdomain,90d05655-6af4-47e7-bf7e-08fcd1ad9aef-S11,NODE_LOCAL,1488232631666,1488232631765,0,75,4,0,2110,0,0,2,ShuffleMapTask
200,bsagent6.localdomain,90d05655-6af4-47e7-bf7e-08fcd1ad9aef-S11,NODE_LOCAL,1488232631733,1488232631801,0,48,3,0,2110,0,0,2,ShuffleMapTask
201,bsagent6.localdomain,90d05655-6af4-47e7-bf7e-08fcd1ad9aef-S11,NODE_LOCAL,1488232631762,1488232631828,0,38,2,0,2110,0,0,2,ShuffleMapTask
202,bsagent6.localdomain,90d05655-6af4-47e7-bf7e-08fcd1ad9aef-S11,NODE_LOCAL,1488232631795,1488232631923,0,66,2,0,2110,0,0,2,ShuffleMapTask
203,bsagent6.localdomain,90d05655-6af4-47e7-bf7e-08fcd1ad9aef-S11,NODE_LOCAL,1488232631824,1488232631937,0,46,4,0,2110,0,0,2,ShuffleMapTask
204,bsagent6.localdomain,90d05655-6af4-47e7-bf7e-08fcd1ad9aef-S11,NODE_LOCAL,1488232631891,1488232632047,0,62,4,0,2110,0,0,2,ShuffleMapTask
205,bsagent6.localdomain,90d05655-6af4-47e7-bf7e-08fcd1ad9aef-S11,NODE_LOCAL,1488232631896,1488232632075,0,92,3,0,2110,0,0,2,ShuffleMapTask
206,bsagent6.localdomain,90d05655-6af4-47e7-bf7e-08fcd1ad9aef-S11,NODE_LOCAL,1488232632031,1488232632153,0,73,4,0,2110,0,0,2,ShuffleMapTask
207,bsagent6.localdomain,90d05655-6af4-47e7-bf7e-08fcd1ad9aef-S11,NODE_LOCAL,1488232632063,1488232632168,0,50,4,0,2110,0,0,2,ShuffleMapTask
209,bsagent6.localdomain,90d05655-6af4-47e7-bf7e-08fcd1ad9aef-S11,NODE_LOCAL,1488232632171,1488232632276,0,70,4,0,2110,0,0,2,ShuffleMapTask
208,bsagent6.localdomain,90d05655-6af4-47e7-bf7e-08fcd1ad9aef-S11,NODE_LOCAL,1488232632141,1488232632305,0,106,10,0,2110,0,0,2,ShuffleMapTask
210,bsagent6.localdomain,90d05655-6af4-47e7-bf7e-08fcd1ad9aef-S11,NODE_LOCAL,1488232632263,1488232632374,0,68,13,0,2110,0,0,2,ShuffleMapTask
211,bsagent6.localdomain,90d05655-6af4-47e7-bf7e-08fcd1ad9aef-S11,NODE_LOCAL,1488232632295,1488232632391,0,39,4,0,2110,0,0,2,ShuffleMapTask
213,bsagent6.localdomain,90d05655-6af4-47e7-bf7e-08fcd1ad9aef-S11,NODE_LOCAL,1488232632376,1488232632521,0,106,5,39,2110,0,0,2,ShuffleMapTask
212,bsagent6.localdomain,90d05655-6af4-47e7-bf7e-08fcd1ad9aef-S11,NODE_LOCAL,1488232632362,1488232632532,0,130,4,39,2110,0,0,2,ShuffleMapTask
214,bsagent6.localdomain,90d05655-6af4-47e7-bf7e-08fcd1ad9aef-S11,NODE_LOCAL,1488232632515,1488232632611,0,70,4,0,2110,0,0,2,ShuffleMapTask
215,bsagent6.localdomain,90d05655-6af4-47e7-bf7e-08fcd1ad9aef-S11,NODE_LOCAL,1488232632530,1488232632629,0,64,3,0,2110,0,0,2,ShuffleMapTask
216,bsagent6.localdomain,90d05655-6af4-47e7-bf7e-08fcd1ad9aef-S11,NODE_LOCAL,1488232632833,1488232633081,0,179,55,0,2755,0,0,4,ShuffleMapTask
217,bsagent6.localdomain,90d05655-6af4-47e7-bf7e-08fcd1ad9aef-S11,NODE_LOCAL,1488232632834,1488232633360,0,441,54,0,2755,0,0,4,ShuffleMapTask
218,bsagent6.localdomain,90d05655-6af4-47e7-bf7e-08fcd1ad9aef-S11,NODE_LOCAL,1488232633078,1488232633367,0,240,6,0,2755,0,0,4,ShuffleMapTask
219,bsagent6.localdomain,90d05655-6af4-47e7-bf7e-08fcd1ad9aef-S11,NODE_LOCAL,1488232633347,1488232633444,0,79,6,0,2755,0,0,4,ShuffleMapTask
220,bsagent6.localdomain,90d05655-6af4-47e7-bf7e-08fcd1ad9aef-S11,NODE_LOCAL,1488232633357,1488232633469,0,86,6,0,2755,0,0,4,ShuffleMapTask
221,bsagent6.localdomain,90d05655-6af4-47e7-bf7e-08fcd1ad9aef-S11,NODE_LOCAL,1488232633442,1488232633537,0,74,5,0,2755,0,0,4,ShuffleMapTask
222,bsagent6.localdomain,90d05655-6af4-47e7-bf7e-08fcd1ad9aef-S11,NODE_LOCAL,1488232633462,1488232633829,0,100,12,19,2755,0,0,4,ShuffleMapTask
223,bsagent6.localdomain,90d05655-6af4-47e7-bf7e-08fcd1ad9aef-S11,NODE_LOCAL,1488232633532,1488232633845,0,56,7,0,2755,0,0,4,ShuffleMapTask
224,bsagent6.localdomain,90d05655-6af4-47e7-bf7e-08fcd1ad9aef-S11,NODE_LOCAL,1488232633823,1488232633950,0,34,7,0,2755,0,0,4,ShuffleMapTask
225,bsagent6.localdomain,90d05655-6af4-47e7-bf7e-08fcd1ad9aef-S11,NODE_LOCAL,1488232633845,1488232633964,0,72,8,0,2755,0,0,4,ShuffleMapTask
226,bsagent6.localdomain,90d05655-6af4-47e7-bf7e-08fcd1ad9aef-S11,NODE_LOCAL,1488232633951,1488232634041,0,64,4,0,2755,0,0,4,ShuffleMapTask
227,bsagent6.localdomain,90d05655-6af4-47e7-bf7e-08fcd1ad9aef-S11,NODE_LOCAL,1488232633965,1488232634100,0,66,4,0,2755,0,0,4,ShuffleMapTask
228,bsagent6.localdomain,90d05655-6af4-47e7-bf7e-08fcd1ad9aef-S11,NODE_LOCAL,1488232634038,1488232634112,0,25,6,0,2755,0,0,4,ShuffleMapTask
229,bsagent6.localdomain,90d05655-6af4-47e7-bf7e-08fcd1ad9aef-S11,NODE_LOCAL,1488232634096,1488232634242,0,91,5,0,2755,0,0,4,ShuffleMapTask
230,bsagent6.localdomain,90d05655-6af4-47e7-bf7e-08fcd1ad9aef-S11,NODE_LOCAL,1488232634105,1488232634285,0,106,4,0,2755,0,0,4,ShuffleMapTask
232,bsagent6.localdomain,90d05655-6af4-47e7-bf7e-08fcd1ad9aef-S11,NODE_LOCAL,1488232634276,1488232634345,0,22,5,0,2755,0,0,4,ShuffleMapTask
231,bsagent6.localdomain,90d05655-6af4-47e7-bf7e-08fcd1ad9aef-S11,NODE_LOCAL,1488232634239,1488232634363,0,68,4,0,2755,0,0,4,ShuffleMapTask
233,bsagent6.localdomain,90d05655-6af4-47e7-bf7e-08fcd1ad9aef-S11,NODE_LOCAL,1488232634336,1488232634484,0,114,4,25,2755,0,0,4,ShuffleMapTask
234,bsagent6.localdomain,90d05655-6af4-47e7-bf7e-08fcd1ad9aef-S11,NODE_LOCAL,1488232634359,1488232634493,0,110,6,25,2755,0,0,4,ShuffleMapTask
236,bsagent6.localdomain,90d05655-6af4-47e7-bf7e-08fcd1ad9aef-S11,NODE_LOCAL,1488232634490,1488232634613,0,96,4,0,2755,0,0,4,ShuffleMapTask
235,bsagent6.localdomain,90d05655-6af4-47e7-bf7e-08fcd1ad9aef-S11,NODE_LOCAL,1488232634476,1488232634627,0,114,8,0,2755,0,0,4,ShuffleMapTask
237,bsagent6.localdomain,90d05655-6af4-47e7-bf7e-08fcd1ad9aef-S11,NODE_LOCAL,1488232634607,1488232634722,0,75,4,0,2755,0,0,4,ShuffleMapTask
238,bsagent6.localdomain,90d05655-6af4-47e7-bf7e-08fcd1ad9aef-S11,NODE_LOCAL,1488232634620,1488232634769,0,123,7,0,2755,0,0,4,ShuffleMapTask
239,bsagent6.localdomain,90d05655-6af4-47e7-bf7e-08fcd1ad9aef-S11,NODE_LOCAL,1488232634700,1488232634792,0,60,3,0,2755,0,0,4,ShuffleMapTask
240,bsagent6.localdomain,90d05655-6af4-47e7-bf7e-08fcd1ad9aef-S11,NODE_LOCAL,1488232634764,1488232634806,0,19,7,0,2755,0,0,4,ShuffleMapTask
241,bsagent6.localdomain,90d05655-6af4-47e7-bf7e-08fcd1ad9aef-S11,NODE_LOCAL,1488232634789,1488232634855,0,48,2,0,2755,0,0,4,ShuffleMapTask
242,bsagent6.localdomain,90d05655-6af4-47e7-bf7e-08fcd1ad9aef-S11,NODE_LOCAL,1488232634801,1488232634879,0,59,4,0,2755,0,0,4,ShuffleMapTask
243,bsagent6.localdomain,90d05655-6af4-47e7-bf7e-08fcd1ad9aef-S11,NODE_LOCAL,1488232634852,1488232634903,0,36,2,0,2755,0,0,4,ShuffleMapTask
244,bsagent6.localdomain,90d05655-6af4-47e7-bf7e-08fcd1ad9aef-S11,NODE_LOCAL,1488232634876,1488232634940,0,41,9,0,2755,0,0,4,ShuffleMapTask
245,bsagent6.localdomain,90d05655-6af4-47e7-bf7e-08fcd1ad9aef-S11,NODE_LOCAL,1488232634899,1488232634979,0,62,2,16,2755,0,0,4,ShuffleMapTask
246,bsagent6.localdomain,90d05655-6af4-47e7-bf7e-08fcd1ad9aef-S11,NODE_LOCAL,1488232634934,1488232635001,0,22,11,0,2755,0,0,4,ShuffleMapTask
247,bsagent6.localdomain,90d05655-6af4-47e7-bf7e-08fcd1ad9aef-S11,NODE_LOCAL,1488232634972,1488232635073,0,77,6,0,2755,0,0,4,ShuffleMapTask
248,bsagent6.localdomain,90d05655-6af4-47e7-bf7e-08fcd1ad9aef-S11,NODE_LOCAL,1488232634995,1488232635092,0,73,7,0,2755,0,0,4,ShuffleMapTask
249,bsagent6.localdomain,90d05655-6af4-47e7-bf7e-08fcd1ad9aef-S11,NODE_LOCAL,1488232635065,1488232635101,0,22,3,0,2755,0,0,4,ShuffleMapTask
250,bsagent6.localdomain,90d05655-6af4-47e7-bf7e-08fcd1ad9aef-S11,NODE_LOCAL,1488232635085,1488232635165,0,60,4,0,2755,0,0,4,ShuffleMapTask
251,bsagent6.localdomain,90d05655-6af4-47e7-bf7e-08fcd1ad9aef-S11,NODE_LOCAL,1488232635098,1488232635186,0,67,3,0,2755,0,0,4,ShuffleMapTask
252,bsagent6.localdomain,90d05655-6af4-47e7-bf7e-08fcd1ad9aef-S11,NODE_LOCAL,1488232635158,1488232635234,0,47,12,0,2755,0,0,4,ShuffleMapTask
253,bsagent6.localdomain,90d05655-6af4-47e7-bf7e-08fcd1ad9aef-S11,NODE_LOCAL,1488232635180,1488232635269,0,69,4,0,2755,0,0,4,ShuffleMapTask
254,bsagent6.localdomain,90d05655-6af4-47e7-bf7e-08fcd1ad9aef-S11,NODE_LOCAL,1488232635231,1488232635300,0,42,3,0,2755,0,0,4,ShuffleMapTask
255,bsagent6.localdomain,90d05655-6af4-47e7-bf7e-08fcd1ad9aef-S11,NODE_LOCAL,1488232635264,1488232635364,0,66,17,0,2755,0,0,4,ShuffleMapTask
256,bsagent6.localdomain,90d05655-6af4-47e7-bf7e-08fcd1ad9aef-S11,NODE_LOCAL,1488232635291,1488232635378,0,61,3,0,2755,0,0,4,ShuffleMapTask
257,bsagent6.localdomain,90d05655-6af4-47e7-bf7e-08fcd1ad9aef-S11,NODE_LOCAL,1488232635358,1488232635436,0,59,4,11,2755,0,0,4,ShuffleMapTask
258,bsagent6.localdomain,90d05655-6af4-47e7-bf7e-08fcd1ad9aef-S11,NODE_LOCAL,1488232635374,1488232635448,0,49,3,11,2755,0,0,4,ShuffleMapTask
259,bsagent6.localdomain,90d05655-6af4-47e7-bf7e-08fcd1ad9aef-S11,NODE_LOCAL,1488232635433,1488232635490,0,38,3,0,2755,0,0,4,ShuffleMapTask
260,bsagent6.localdomain,90d05655-6af4-47e7-bf7e-08fcd1ad9aef-S11,NODE_LOCAL,1488232635443,1488232635502,0,36,6,0,2755,0,0,4,ShuffleMapTask
262,bsagent6.localdomain,90d05655-6af4-47e7-bf7e-08fcd1ad9aef-S11,NODE_LOCAL,1488232635495,1488232635550,0,28,3,0,2755,0,0,4,ShuffleMapTask
261,bsagent6.localdomain,90d05655-6af4-47e7-bf7e-08fcd1ad9aef-S11,NODE_LOCAL,1488232635486,1488232635563,0,56,8,0,2755,0,0,4,ShuffleMapTask
263,bsagent6.localdomain,90d05655-6af4-47e7-bf7e-08fcd1ad9aef-S11,NODE_LOCAL,1488232635547,1488232635628,0,60,6,0,2755,0,0,4,ShuffleMapTask
264,bsagent6.localdomain,90d05655-6af4-47e7-bf7e-08fcd1ad9aef-S11,NODE_LOCAL,1488232635559,1488232635636,0,52,3,0,2755,0,0,4,ShuffleMapTask
265,bsagent6.localdomain,90d05655-6af4-47e7-bf7e-08fcd1ad9aef-S11,NODE_LOCAL,1488232635625,1488232635718,0,63,5,0,2755,0,0,4,ShuffleMapTask
266,bsagent6.localdomain,90d05655-6af4-47e7-bf7e-08fcd1ad9aef-S11,NODE_LOCAL,1488232635631,1488232635725,0,63,4,0,2755,0,0,4,ShuffleMapTask
267,bsagent6.localdomain,90d05655-6af4-47e7-bf7e-08fcd1ad9aef-S11,NODE_LOCAL,1488232635705,1488232635786,0,55,6,0,2755,0,0,4,ShuffleMapTask
268,bsagent6.localdomain,90d05655-6af4-47e7-bf7e-08fcd1ad9aef-S11,NODE_LOCAL,1488232635714,1488232635801,0,63,4,0,2755,0,0,4,ShuffleMapTask
270,bsagent6.localdomain,90d05655-6af4-47e7-bf7e-08fcd1ad9aef-S11,NODE_LOCAL,1488232635798,1488232635838,0,18,5,0,2755,0,0,4,ShuffleMapTask
269,bsagent6.localdomain,90d05655-6af4-47e7-bf7e-08fcd1ad9aef-S11,NODE_LOCAL,1488232635781,1488232635849,0,44,5,0,2755,0,0,4,ShuffleMapTask
271,bsagent6.localdomain,90d05655-6af4-47e7-bf7e-08fcd1ad9aef-S11,NODE_LOCAL,1488232635834,1488232635935,0,64,3,12,2755,0,0,4,ShuffleMapTask
272,bsagent6.localdomain,90d05655-6af4-47e7-bf7e-08fcd1ad9aef-S11,NODE_LOCAL,1488232635846,1488232635950,0,58,5,12,2755,0,0,4,ShuffleMapTask
274,bsagent6.localdomain,90d05655-6af4-47e7-bf7e-08fcd1ad9aef-S11,NODE_LOCAL,1488232635946,1488232636003,0,18,3,0,2755,0,0,4,ShuffleMapTask
273,bsagent6.localdomain,90d05655-6af4-47e7-bf7e-08fcd1ad9aef-S11,NODE_LOCAL,1488232635915,1488232636007,0,47,4,0,2755,0,0,4,ShuffleMapTask
276,bsagent6.localdomain,90d05655-6af4-47e7-bf7e-08fcd1ad9aef-S11,NODE_LOCAL,1488232635997,1488232636076,0,54,3,0,2755,0,0,4,ShuffleMapTask
275,bsagent6.localdomain,90d05655-6af4-47e7-bf7e-08fcd1ad9aef-S11,NODE_LOCAL,1488232635981,1488232636095,0,54,6,0,2755,0,0,4,ShuffleMapTask
278,bsagent6.localdomain,90d05655-6af4-47e7-bf7e-08fcd1ad9aef-S11,NODE_LOCAL,1488232636080,1488232636120,0,11,2,0,2755,0,0,4,ShuffleMapTask
277,bsagent6.localdomain,90d05655-6af4-47e7-bf7e-08fcd1ad9aef-S11,NODE_LOCAL,1488232636070,1488232636141,0,42,4,0,2755,0,0,4,ShuffleMapTask
279,bsagent6.localdomain,90d05655-6af4-47e7-bf7e-08fcd1ad9aef-S11,NODE_LOCAL,1488232636117,1488232636183,0,39,4,0,2755,0,0,4,ShuffleMapTask
280,bsagent6.localdomain,90d05655-6af4-47e7-bf7e-08fcd1ad9aef-S11,NODE_LOCAL,1488232636131,1488232636210,0,18,2,0,2755,0,0,4,ShuffleMapTask
282,bsagent6.localdomain,90d05655-6af4-47e7-bf7e-08fcd1ad9aef-S11,NODE_LOCAL,1488232636205,1488232636251,0,19,3,0,2755,0,0,4,ShuffleMapTask
281,bsagent6.localdomain,90d05655-6af4-47e7-bf7e-08fcd1ad9aef-S11,NODE_LOCAL,1488232636178,1488232636269,0,53,4,0,2755,0,0,4,ShuffleMapTask
284,bsagent6.localdomain,90d05655-6af4-47e7-bf7e-08fcd1ad9aef-S11,NODE_LOCAL,1488232636261,1488232636342,0,37,3,0,2755,0,0,4,ShuffleMapTask
283,bsagent6.localdomain,90d05655-6af4-47e7-bf7e-08fcd1ad9aef-S11,NODE_LOCAL,1488232636240,1488232636355,0,54,3,0,2755,0,0,4,ShuffleMapTask
286,bsagent6.localdomain,90d05655-6af4-47e7-bf7e-08fcd1ad9aef-S11,NODE_LOCAL,1488232636327,1488232636370,0,13,4,0,2755,0,0,4,ShuffleMapTask
285,bsagent6.localdomain,90d05655-6af4-47e7-bf7e-08fcd1ad9aef-S11,NODE_LOCAL,1488232636314,1488232636413,0,50,7,13,2755,0,0,4,ShuffleMapTask
288,bsagent6.localdomain,90d05655-6af4-47e7-bf7e-08fcd1ad9aef-S11,NODE_LOCAL,1488232636402,1488232636460,0,40,3,0,2755,0,0,4,ShuffleMapTask
287,bsagent6.localdomain,90d05655-6af4-47e7-bf7e-08fcd1ad9aef-S11,NODE_LOCAL,1488232636368,1488232636463,0,50,5,0,2755,0,0,4,ShuffleMapTask
289,bsagent6.localdomain,90d05655-6af4-47e7-bf7e-08fcd1ad9aef-S11,NODE_LOCAL,1488232636448,1488232636509,0,37,4,0,2755,0,0,4,ShuffleMapTask
290,bsagent6.localdomain,90d05655-6af4-47e7-bf7e-08fcd1ad9aef-S11,NODE_LOCAL,1488232636457,1488232636516,0,36,4,0,2755,0,0,4,ShuffleMapTask
291,bsagent6.localdomain,90d05655-6af4-47e7-bf7e-08fcd1ad9aef-S11,NODE_LOCAL,1488232636500,1488232636550,0,35,3,0,2755,0,0,4,ShuffleMapTask
292,bsagent6.localdomain,90d05655-6af4-47e7-bf7e-08fcd1ad9aef-S11,NODE_LOCAL,1488232636512,1488232636588,0,57,4,0,2755,0,0,4,ShuffleMapTask
293,bsagent6.localdomain,90d05655-6af4-47e7-bf7e-08fcd1ad9aef-S11,NODE_LOCAL,1488232636547,1488232636598,0,36,3,0,2755,0,0,4,ShuffleMapTask
295,bsagent6.localdomain,90d05655-6af4-47e7-bf7e-08fcd1ad9aef-S11,NODE_LOCAL,1488232636594,1488232636629,0,19,3,0,2755,0,0,4,ShuffleMapTask
294,bsagent6.localdomain,90d05655-6af4-47e7-bf7e-08fcd1ad9aef-S11,NODE_LOCAL,1488232636584,1488232636657,0,55,7,0,2755,0,0,4,ShuffleMapTask
296,bsagent6.localdomain,90d05655-6af4-47e7-bf7e-08fcd1ad9aef-S11,NODE_LOCAL,1488232636625,1488232636680,0,43,2,0,2755,0,0,4,ShuffleMapTask
297,bsagent6.localdomain,90d05655-6af4-47e7-bf7e-08fcd1ad9aef-S11,NODE_LOCAL,1488232636654,1488232636715,0,42,4,0,2755,0,0,4,ShuffleMapTask
298,bsagent6.localdomain,90d05655-6af4-47e7-bf7e-08fcd1ad9aef-S11,NODE_LOCAL,1488232636678,1488232636754,0,54,3,0,2755,0,0,4,ShuffleMapTask
299,bsagent6.localdomain,90d05655-6af4-47e7-bf7e-08fcd1ad9aef-S11,NODE_LOCAL,1488232636711,1488232636810,0,84,2,24,2755,0,0,4,ShuffleMapTask
300,bsagent6.localdomain,90d05655-6af4-47e7-bf7e-08fcd1ad9aef-S11,NODE_LOCAL,1488232636746,1488232636832,0,70,3,24,2755,0,0,4,ShuffleMapTask
302,bsagent6.localdomain,90d05655-6af4-47e7-bf7e-08fcd1ad9aef-S11,NODE_LOCAL,1488232636830,1488232636862,0,13,3,0,2755,0,0,4,ShuffleMapTask
301,bsagent6.localdomain,90d05655-6af4-47e7-bf7e-08fcd1ad9aef-S11,NODE_LOCAL,1488232636808,1488232636893,0,61,4,0,2755,0,0,4,ShuffleMapTask
303,bsagent6.localdomain,90d05655-6af4-47e7-bf7e-08fcd1ad9aef-S11,NODE_LOCAL,1488232636859,1488232636921,0,42,3,0,2755,0,0,4,ShuffleMapTask
304,bsagent6.localdomain,90d05655-6af4-47e7-bf7e-08fcd1ad9aef-S11,NODE_LOCAL,1488232636891,1488232636958,0,43,5,0,2755,0,0,4,ShuffleMapTask
306,bsagent6.localdomain,90d05655-6af4-47e7-bf7e-08fcd1ad9aef-S11,NODE_LOCAL,1488232636954,1488232636978,0,10,3,0,2755,0,0,4,ShuffleMapTask
305,bsagent6.localdomain,90d05655-6af4-47e7-bf7e-08fcd1ad9aef-S11,NODE_LOCAL,1488232636914,1488232636996,0,57,3,0,2755,0,0,4,ShuffleMapTask
308,bsagent6.localdomain,90d05655-6af4-47e7-bf7e-08fcd1ad9aef-S11,NODE_LOCAL,1488232636989,1488232637060,0,42,4,0,2755,0,0,4,ShuffleMapTask
307,bsagent6.localdomain,90d05655-6af4-47e7-bf7e-08fcd1ad9aef-S11,NODE_LOCAL,1488232636975,1488232637067,0,66,4,0,2755,0,0,4,ShuffleMapTask
310,bsagent6.localdomain,90d05655-6af4-47e7-bf7e-08fcd1ad9aef-S11,NODE_LOCAL,1488232637064,1488232637101,0,18,3,0,2755,0,0,4,ShuffleMapTask
309,bsagent6.localdomain,90d05655-6af4-47e7-bf7e-08fcd1ad9aef-S11,NODE_LOCAL,1488232637056,1488232637141,0,70,3,0,2755,0,0,4,ShuffleMapTask
311,bsagent6.localdomain,90d05655-6af4-47e7-bf7e-08fcd1ad9aef-S11,NODE_LOCAL,1488232637098,1488232637180,0,60,4,0,2755,0,0,4,ShuffleMapTask
312,bsagent6.localdomain,90d05655-6af4-47e7-bf7e-08fcd1ad9aef-S11,NODE_LOCAL,1488232637138,1488232637210,0,47,3,0,2755,0,0,4,ShuffleMapTask
313,bsagent6.localdomain,90d05655-6af4-47e7-bf7e-08fcd1ad9aef-S11,NODE_LOCAL,1488232637176,1488232637233,0,43,3,0,2755,0,0,4,ShuffleMapTask
314,bsagent6.localdomain,90d05655-6af4-47e7-bf7e-08fcd1ad9aef-S11,NODE_LOCAL,1488232637206,1488232637249,0,13,3,0,2755,0,0,4,ShuffleMapTask
316,bsagent6.localdomain,90d05655-6af4-47e7-bf7e-08fcd1ad9aef-S11,NODE_LOCAL,1488232637245,1488232637299,0,28,4,13,2755,0,0,4,ShuffleMapTask
315,bsagent6.localdomain,90d05655-6af4-47e7-bf7e-08fcd1ad9aef-S11,NODE_LOCAL,1488232637231,1488232637310,0,55,3,13,2755,0,0,4,ShuffleMapTask
317,bsagent6.localdomain,90d05655-6af4-47e7-bf7e-08fcd1ad9aef-S11,NODE_LOCAL,1488232637293,1488232637350,0,37,4,0,2755,0,0,4,ShuffleMapTask
318,bsagent6.localdomain,90d05655-6af4-47e7-bf7e-08fcd1ad9aef-S11,NODE_LOCAL,1488232637306,1488232637370,0,48,3,0,2755,0,0,4,ShuffleMapTask
319,bsagent6.localdomain,90d05655-6af4-47e7-bf7e-08fcd1ad9aef-S11,NODE_LOCAL,1488232637345,1488232637430,0,54,4,0,2755,0,0,4,ShuffleMapTask
320,bsagent6.localdomain,90d05655-6af4-47e7-bf7e-08fcd1ad9aef-S11,NODE_LOCAL,1488232637367,1488232637453,0,54,12,0,2755,0,0,4,ShuffleMapTask
322,bsagent6.localdomain,90d05655-6af4-47e7-bf7e-08fcd1ad9aef-S11,NODE_LOCAL,1488232637446,1488232637542,0,60,4,0,2755,0,0,4,ShuffleMapTask
321,bsagent6.localdomain,90d05655-6af4-47e7-bf7e-08fcd1ad9aef-S11,NODE_LOCAL,1488232637418,1488232637550,0,69,5,0,2755,0,0,4,ShuffleMapTask
323,bsagent6.localdomain,90d05655-6af4-47e7-bf7e-08fcd1ad9aef-S11,NODE_LOCAL,1488232637537,1488232637592,0,39,3,0,2755,0,0,4,ShuffleMapTask
324,bsagent6.localdomain,90d05655-6af4-47e7-bf7e-08fcd1ad9aef-S11,NODE_LOCAL,1488232637547,1488232637611,0,47,4,0,2755,0,0,4,ShuffleMapTask
325,bsagent6.localdomain,90d05655-6af4-47e7-bf7e-08fcd1ad9aef-S11,NODE_LOCAL,1488232637589,1488232637644,0,39,4,0,2755,0,0,4,ShuffleMapTask
326,bsagent6.localdomain,90d05655-6af4-47e7-bf7e-08fcd1ad9aef-S11,NODE_LOCAL,1488232637609,1488232637665,0,38,3,0,2755,0,0,4,ShuffleMapTask
328,bsagent6.localdomain,90d05655-6af4-47e7-bf7e-08fcd1ad9aef-S11,NODE_LOCAL,1488232637662,1488232637692,0,10,2,0,2755,0,0,4,ShuffleMapTask
327,bsagent6.localdomain,90d05655-6af4-47e7-bf7e-08fcd1ad9aef-S11,NODE_LOCAL,1488232637642,1488232637706,0,37,4,0,2755,0,0,4,ShuffleMapTask
329,bsagent6.localdomain,90d05655-6af4-47e7-bf7e-08fcd1ad9aef-S11,NODE_LOCAL,1488232637689,1488232637742,0,36,3,0,2755,0,0,4,ShuffleMapTask
330,bsagent6.localdomain,90d05655-6af4-47e7-bf7e-08fcd1ad9aef-S11,NODE_LOCAL,1488232637701,1488232637799,0,55,3,14,2755,0,0,4,ShuffleMapTask
331,bsagent6.localdomain,90d05655-6af4-47e7-bf7e-08fcd1ad9aef-S11,NODE_LOCAL,1488232637737,1488232637810,0,53,2,14,2755,0,0,4,ShuffleMapTask
332,bsagent6.localdomain,90d05655-6af4-47e7-bf7e-08fcd1ad9aef-S11,NODE_LOCAL,1488232637792,1488232637844,0,35,3,0,2755,0,0,4,ShuffleMapTask
333,bsagent6.localdomain,90d05655-6af4-47e7-bf7e-08fcd1ad9aef-S11,NODE_LOCAL,1488232637805,1488232637868,0,37,3,0,2755,0,0,4,ShuffleMapTask
334,bsagent6.localdomain,90d05655-6af4-47e7-bf7e-08fcd1ad9aef-S11,NODE_LOCAL,1488232637841,1488232637899,0,36,3,0,2755,0,0,4,ShuffleMapTask
335,bsagent6.localdomain,90d05655-6af4-47e7-bf7e-08fcd1ad9aef-S11,NODE_LOCAL,1488232637856,1488232637923,0,34,3,0,2755,0,0,4,ShuffleMapTask
336,bsagent6.localdomain,90d05655-6af4-47e7-bf7e-08fcd1ad9aef-S11,NODE_LOCAL,1488232637891,1488232637975,0,40,3,0,2755,0,0,4,ShuffleMapTask
337,bsagent6.localdomain,90d05655-6af4-47e7-bf7e-08fcd1ad9aef-S11,NODE_LOCAL,1488232637916,1488232638025,0,53,2,0,2755,0,0,4,ShuffleMapTask
338,bsagent6.localdomain,90d05655-6af4-47e7-bf7e-08fcd1ad9aef-S11,NODE_LOCAL,1488232637966,1488232638035,0,35,2,0,2755,0,0,4,ShuffleMapTask
339,bsagent6.localdomain,90d05655-6af4-47e7-bf7e-08fcd1ad9aef-S11,NODE_LOCAL,1488232638008,1488232638095,0,51,2,0,2755,0,0,4,ShuffleMapTask
340,bsagent6.localdomain,90d05655-6af4-47e7-bf7e-08fcd1ad9aef-S11,NODE_LOCAL,1488232638028,1488232638112,0,22,4,0,2755,0,0,4,ShuffleMapTask
341,bsagent6.localdomain,90d05655-6af4-47e7-bf7e-08fcd1ad9aef-S11,NODE_LOCAL,1488232638077,1488232638143,0,14,4,0,2755,0,0,4,ShuffleMapTask
342,bsagent6.localdomain,90d05655-6af4-47e7-bf7e-08fcd1ad9aef-S11,NODE_LOCAL,1488232638106,1488232638161,0,11,4,0,2755,0,0,4,ShuffleMapTask
343,bsagent6.localdomain,90d05655-6af4-47e7-bf7e-08fcd1ad9aef-S11,NODE_LOCAL,1488232638138,1488232638229,0,56,3,0,2755,0,0,4,ShuffleMapTask
344,bsagent6.localdomain,90d05655-6af4-47e7-bf7e-08fcd1ad9aef-S11,NODE_LOCAL,1488232638156,1488232638251,0,43,2,0,2755,0,0,4,ShuffleMapTask
345,bsagent6.localdomain,90d05655-6af4-47e7-bf7e-08fcd1ad9aef-S11,NODE_LOCAL,1488232638219,1488232638311,0,66,3,16,2755,0,0,4,ShuffleMapTask
346,bsagent6.localdomain,90d05655-6af4-47e7-bf7e-08fcd1ad9aef-S11,NODE_LOCAL,1488232638244,1488232638329,0,55,3,16,2755,0,0,4,ShuffleMapTask
347,bsagent6.localdomain,90d05655-6af4-47e7-bf7e-08fcd1ad9aef-S11,NODE_LOCAL,1488232638308,1488232638379,0,34,3,0,2755,0,0,4,ShuffleMapTask
348,bsagent6.localdomain,90d05655-6af4-47e7-bf7e-08fcd1ad9aef-S11,NODE_LOCAL,1488232638323,1488232638387,0,34,3,0,2755,0,0,4,ShuffleMapTask
349,bsagent6.localdomain,90d05655-6af4-47e7-bf7e-08fcd1ad9aef-S11,NODE_LOCAL,1488232638364,1488232638439,0,44,3,0,2755,0,0,4,ShuffleMapTask
350,bsagent6.localdomain,90d05655-6af4-47e7-bf7e-08fcd1ad9aef-S11,NODE_LOCAL,1488232638383,1488232638452,0,43,2,0,2755,0,0,4,ShuffleMapTask
351,bsagent6.localdomain,90d05655-6af4-47e7-bf7e-08fcd1ad9aef-S11,NODE_LOCAL,1488232638425,1488232638512,0,53,3,0,2755,0,0,4,ShuffleMapTask
352,bsagent6.localdomain,90d05655-6af4-47e7-bf7e-08fcd1ad9aef-S11,NODE_LOCAL,1488232638443,1488232638553,0,48,5,0,2755,0,0,4,ShuffleMapTask
353,bsagent6.localdomain,90d05655-6af4-47e7-bf7e-08fcd1ad9aef-S11,NODE_LOCAL,1488232638504,1488232638590,0,41,4,0,2755,0,0,4,ShuffleMapTask
354,bsagent6.localdomain,90d05655-6af4-47e7-bf7e-08fcd1ad9aef-S11,NODE_LOCAL,1488232638525,1488232638623,0,57,4,0,2755,0,0,4,ShuffleMapTask
355,bsagent6.localdomain,90d05655-6af4-47e7-bf7e-08fcd1ad9aef-S11,NODE_LOCAL,1488232638585,1488232638669,0,38,3,0,2755,0,0,4,ShuffleMapTask
356,bsagent6.localdomain,90d05655-6af4-47e7-bf7e-08fcd1ad9aef-S11,NODE_LOCAL,1488232638620,1488232638712,0,35,3,0,2755,0,0,4,ShuffleMapTask
357,bsagent6.localdomain,90d05655-6af4-47e7-bf7e-08fcd1ad9aef-S11,NODE_LOCAL,1488232638658,1488232638763,0,62,4,0,2755,0,0,4,ShuffleMapTask
358,bsagent6.localdomain,90d05655-6af4-47e7-bf7e-08fcd1ad9aef-S11,NODE_LOCAL,1488232638700,1488232638775,0,38,5,0,2755,0,0,4,ShuffleMapTask
359,bsagent6.localdomain,90d05655-6af4-47e7-bf7e-08fcd1ad9aef-S11,NODE_LOCAL,1488232638754,1488232638811,0,12,3,0,2755,0,0,4,ShuffleMapTask
360,bsagent6.localdomain,90d05655-6af4-47e7-bf7e-08fcd1ad9aef-S11,NODE_LOCAL,1488232638768,1488232638853,0,57,3,17,2755,0,0,4,ShuffleMapTask
361,bsagent6.localdomain,90d05655-6af4-47e7-bf7e-08fcd1ad9aef-S11,NODE_LOCAL,1488232638780,1488232638889,0,44,6,0,2755,0,0,4,ShuffleMapTask
362,bsagent6.localdomain,90d05655-6af4-47e7-bf7e-08fcd1ad9aef-S11,NODE_LOCAL,1488232638844,1488232638927,0,38,3,0,2755,0,0,4,ShuffleMapTask
363,bsagent6.localdomain,90d05655-6af4-47e7-bf7e-08fcd1ad9aef-S11,NODE_LOCAL,1488232638883,1488232638945,0,36,4,0,2755,0,0,4,ShuffleMapTask
364,bsagent6.localdomain,90d05655-6af4-47e7-bf7e-08fcd1ad9aef-S11,NODE_LOCAL,1488232638916,1488232638987,0,42,3,0,2755,0,0,4,ShuffleMapTask
365,bsagent6.localdomain,90d05655-6af4-47e7-bf7e-08fcd1ad9aef-S11,NODE_LOCAL,1488232638934,1488232639024,0,53,2,0,2755,0,0,4,ShuffleMapTask
366,bsagent6.localdomain,90d05655-6af4-47e7-bf7e-08fcd1ad9aef-S11,NODE_LOCAL,1488232638980,1488232639070,0,68,3,0,2755,0,0,4,ShuffleMapTask
367,bsagent6.localdomain,90d05655-6af4-47e7-bf7e-08fcd1ad9aef-S11,NODE_LOCAL,1488232639015,1488232639136,0,84,3,0,2755,0,0,4,ShuffleMapTask
368,bsagent6.localdomain,90d05655-6af4-47e7-bf7e-08fcd1ad9aef-S11,NODE_LOCAL,1488232639067,1488232639161,0,50,2,0,2755,0,0,4,ShuffleMapTask
369,bsagent6.localdomain,90d05655-6af4-47e7-bf7e-08fcd1ad9aef-S11,NODE_LOCAL,1488232639120,1488232639183,0,35,3,0,2755,0,0,4,ShuffleMapTask
370,bsagent6.localdomain,90d05655-6af4-47e7-bf7e-08fcd1ad9aef-S11,NODE_LOCAL,1488232639157,1488232639219,0,35,3,0,2755,0,0,4,ShuffleMapTask
371,bsagent6.localdomain,90d05655-6af4-47e7-bf7e-08fcd1ad9aef-S11,NODE_LOCAL,1488232639178,1488232639234,0,34,2,0,2755,0,0,4,ShuffleMapTask
372,bsagent6.localdomain,90d05655-6af4-47e7-bf7e-08fcd1ad9aef-S11,NODE_LOCAL,1488232639215,1488232639245,0,12,3,0,2755,0,0,4,ShuffleMapTask
373,bsagent6.localdomain,90d05655-6af4-47e7-bf7e-08fcd1ad9aef-S11,NODE_LOCAL,1488232639231,1488232639292,0,40,2,0,2755,0,0,4,ShuffleMapTask
374,bsagent6.localdomain,90d05655-6af4-47e7-bf7e-08fcd1ad9aef-S11,NODE_LOCAL,1488232639242,1488232639319,0,38,2,0,2755,0,0,4,ShuffleMapTask
375,bsagent6.localdomain,90d05655-6af4-47e7-bf7e-08fcd1ad9aef-S11,NODE_LOCAL,1488232639284,1488232639361,0,58,3,14,2755,0,0,4,ShuffleMapTask
377,bsagent6.localdomain,90d05655-6af4-47e7-bf7e-08fcd1ad9aef-S11,NODE_LOCAL,1488232639358,1488232639414,0,39,3,0,2755,0,0,4,ShuffleMapTask
376,bsagent6.localdomain,90d05655-6af4-47e7-bf7e-08fcd1ad9aef-S11,NODE_LOCAL,1488232639314,1488232639424,0,54,5,0,2755,0,0,4,ShuffleMapTask
378,bsagent6.localdomain,90d05655-6af4-47e7-bf7e-08fcd1ad9aef-S11,NODE_LOCAL,1488232639404,1488232639456,0,29,2,0,2755,0,0,4,ShuffleMapTask
379,bsagent6.localdomain,90d05655-6af4-47e7-bf7e-08fcd1ad9aef-S11,NODE_LOCAL,1488232639425,1488232639496,0,45,5,0,2755,0,0,4,ShuffleMapTask
380,bsagent6.localdomain,90d05655-6af4-47e7-bf7e-08fcd1ad9aef-S11,NODE_LOCAL,1488232639447,1488232639512,0,38,3,0,2755,0,0,4,ShuffleMapTask
382,bsagent6.localdomain,90d05655-6af4-47e7-bf7e-08fcd1ad9aef-S11,NODE_LOCAL,1488232639510,1488232639573,0,27,2,0,2755,0,0,4,ShuffleMapTask
381,bsagent6.localdomain,90d05655-6af4-47e7-bf7e-08fcd1ad9aef-S11,NODE_LOCAL,1488232639494,1488232639581,0,40,3,0,2755,0,0,4,ShuffleMapTask
383,bsagent6.localdomain,90d05655-6af4-47e7-bf7e-08fcd1ad9aef-S11,NODE_LOCAL,1488232639553,1488232639664,0,68,5,0,2755,0,0,4,ShuffleMapTask
384,bsagent6.localdomain,90d05655-6af4-47e7-bf7e-08fcd1ad9aef-S11,NODE_LOCAL,1488232639556,1488232639682,0,87,7,0,2755,0,0,4,ShuffleMapTask
385,bsagent6.localdomain,90d05655-6af4-47e7-bf7e-08fcd1ad9aef-S11,NODE_LOCAL,1488232639653,1488232639736,0,56,2,0,2755,0,0,4,ShuffleMapTask
386,bsagent6.localdomain,90d05655-6af4-47e7-bf7e-08fcd1ad9aef-S11,NODE_LOCAL,1488232639675,1488232639750,0,58,2,0,2755,0,0,4,ShuffleMapTask
387,bsagent6.localdomain,90d05655-6af4-47e7-bf7e-08fcd1ad9aef-S11,NODE_LOCAL,1488232639720,1488232639766,0,29,2,0,2755,0,0,4,ShuffleMapTask
389,bsagent6.localdomain,90d05655-6af4-47e7-bf7e-08fcd1ad9aef-S11,NODE_LOCAL,1488232639763,1488232639784,0,9,3,0,2755,0,0,4,ShuffleMapTask
390,bsagent6.localdomain,90d05655-6af4-47e7-bf7e-08fcd1ad9aef-S11,NODE_LOCAL,1488232639782,1488232639800,0,9,1,0,2755,0,0,4,ShuffleMapTask
388,bsagent6.localdomain,90d05655-6af4-47e7-bf7e-08fcd1ad9aef-S11,NODE_LOCAL,1488232639749,1488232639808,0,44,2,0,2755,0,0,4,ShuffleMapTask
392,bsagent6.localdomain,90d05655-6af4-47e7-bf7e-08fcd1ad9aef-S11,NODE_LOCAL,1488232639805,1488232639872,0,49,2,16,2755,0,0,4,ShuffleMapTask
391,bsagent6.localdomain,90d05655-6af4-47e7-bf7e-08fcd1ad9aef-S11,NODE_LOCAL,1488232639798,1488232639877,0,58,3,16,2755,0,0,4,ShuffleMapTask
393,bsagent6.localdomain,90d05655-6af4-47e7-bf7e-08fcd1ad9aef-S11,NODE_LOCAL,1488232639864,1488232639924,0,36,3,0,2755,0,0,4,ShuffleMapTask
394,bsagent6.localdomain,90d05655-6af4-47e7-bf7e-08fcd1ad9aef-S11,NODE_LOCAL,1488232639875,1488232639933,0,37,3,0,2755,0,0,4,ShuffleMapTask
396,bsagent6.localdomain,90d05655-6af4-47e7-bf7e-08fcd1ad9aef-S11,NODE_LOCAL,1488232639931,1488232639952,0,8,2,0,2755,0,0,4,ShuffleMapTask
395,bsagent6.localdomain,90d05655-6af4-47e7-bf7e-08fcd1ad9aef-S11,NODE_LOCAL,1488232639916,1488232639983,0,38,3,0,2755,0,0,4,ShuffleMapTask
397,bsagent6.localdomain,90d05655-6af4-47e7-bf7e-08fcd1ad9aef-S11,NODE_LOCAL,1488232639950,1488232639992,0,25,2,0,2755,0,0,4,ShuffleMapTask
398,bsagent6.localdomain,90d05655-6af4-47e7-bf7e-08fcd1ad9aef-S11,NODE_LOCAL,1488232639972,1488232640018,0,10,2,0,2755,0,0,4,ShuffleMapTask
399,bsagent6.localdomain,90d05655-6af4-47e7-bf7e-08fcd1ad9aef-S11,NODE_LOCAL,1488232639990,1488232640065,0,37,2,0,2755,0,0,4,ShuffleMapTask
400,bsagent6.localdomain,90d05655-6af4-47e7-bf7e-08fcd1ad9aef-S11,NODE_LOCAL,1488232640010,1488232640090,0,38,2,0,2755,0,0,4,ShuffleMapTask
401,bsagent6.localdomain,90d05655-6af4-47e7-bf7e-08fcd1ad9aef-S11,NODE_LOCAL,1488232640063,1488232640126,0,37,1,0,2755,0,0,4,ShuffleMapTask
402,bsagent6.localdomain,90d05655-6af4-47e7-bf7e-08fcd1ad9aef-S11,NODE_LOCAL,1488232640087,1488232640150,0,43,3,0,2755,0,0,4,ShuffleMapTask
403,bsagent6.localdomain,90d05655-6af4-47e7-bf7e-08fcd1ad9aef-S11,NODE_LOCAL,1488232640116,1488232640183,0,41,2,0,2755,0,0,4,ShuffleMapTask
404,bsagent6.localdomain,90d05655-6af4-47e7-bf7e-08fcd1ad9aef-S11,NODE_LOCAL,1488232640146,1488232640210,0,38,2,0,2755,0,0,4,ShuffleMapTask
405,bsagent6.localdomain,90d05655-6af4-47e7-bf7e-08fcd1ad9aef-S11,NODE_LOCAL,1488232640174,1488232640225,0,30,1,0,2755,0,0,4,ShuffleMapTask
406,bsagent6.localdomain,90d05655-6af4-47e7-bf7e-08fcd1ad9aef-S11,NODE_LOCAL,1488232640201,1488232640288,0,61,3,0,2755,0,0,4,ShuffleMapTask
407,bsagent6.localdomain,90d05655-6af4-47e7-bf7e-08fcd1ad9aef-S11,NODE_LOCAL,1488232640219,1488232640309,0,44,2,0,2755,0,0,4,ShuffleMapTask
408,bsagent6.localdomain,90d05655-6af4-47e7-bf7e-08fcd1ad9aef-S11,NODE_LOCAL,1488232640282,1488232640383,0,70,3,23,2755,0,0,4,ShuffleMapTask
409,bsagent6.localdomain,90d05655-6af4-47e7-bf7e-08fcd1ad9aef-S11,NODE_LOCAL,1488232640302,1488232640402,0,69,4,23,2755,0,0,4,ShuffleMapTask
410,bsagent6.localdomain,90d05655-6af4-47e7-bf7e-08fcd1ad9aef-S11,NODE_LOCAL,1488232640377,1488232640430,0,35,4,0,2755,0,0,4,ShuffleMapTask
411,bsagent6.localdomain,90d05655-6af4-47e7-bf7e-08fcd1ad9aef-S11,NODE_LOCAL,1488232640398,1488232640456,0,38,3,0,2755,0,0,4,ShuffleMapTask
412,bsagent6.localdomain,90d05655-6af4-47e7-bf7e-08fcd1ad9aef-S11,NODE_LOCAL,1488232640427,1488232640482,0,36,2,0,2755,0,0,4,ShuffleMapTask
413,bsagent6.localdomain,90d05655-6af4-47e7-bf7e-08fcd1ad9aef-S11,NODE_LOCAL,1488232640453,1488232640503,0,37,3,0,2755,0,0,4,ShuffleMapTask
414,bsagent6.localdomain,90d05655-6af4-47e7-bf7e-08fcd1ad9aef-S11,NODE_LOCAL,1488232640478,1488232640527,0,33,4,0,2755,0,0,4,ShuffleMapTask
415,bsagent6.localdomain,90d05655-6af4-47e7-bf7e-08fcd1ad9aef-S11,NODE_LOCAL,1488232640501,1488232640546,0,33,3,0,2755,0,0,4,ShuffleMapTask
417,bsagent6.localdomain,90d05655-6af4-47e7-bf7e-08fcd1ad9aef-S11,NODE_LOCAL,1488232640703,1488232640927,0,52,55,0,3028,0,0,5,ResultTask
416,bsagent6.localdomain,90d05655-6af4-47e7-bf7e-08fcd1ad9aef-S11,NODE_LOCAL,1488232640702,1488232640942,0,64,55,0,3235,0,0,5,ResultTask
419,bsagent6.localdomain,90d05655-6af4-47e7-bf7e-08fcd1ad9aef-S11,NODE_LOCAL,1488232640833,1488232640948,0,12,2,0,3293,0,0,5,ResultTask
418,bsagent6.localdomain,90d05655-6af4-47e7-bf7e-08fcd1ad9aef-S11,NODE_LOCAL,1488232640826,1488232640950,0,11,3,0,3196,0,0,5,ResultTask
421,bsagent6.localdomain,90d05655-6af4-47e7-bf7e-08fcd1ad9aef-S11,NODE_LOCAL,1488232640877,1488232640985,0,17,2,0,3195,0,0,5,ResultTask
420,bsagent6.localdomain,90d05655-6af4-47e7-bf7e-08fcd1ad9aef-S11,NODE_LOCAL,1488232640854,1488232640987,0,25,2,0,3241,0,0,5,ResultTask
422,bsagent6.localdomain,90d05655-6af4-47e7-bf7e-08fcd1ad9aef-S11,NODE_LOCAL,1488232640909,1488232640989,0,21,3,0,3198,0,0,5,ResultTask
423,bsagent6.localdomain,90d05655-6af4-47e7-bf7e-08fcd1ad9aef-S11,NODE_LOCAL,1488232640917,1488232641010,0,16,3,0,3328,0,0,5,ResultTask
424,bsagent6.localdomain,90d05655-6af4-47e7-bf7e-08fcd1ad9aef-S11,NODE_LOCAL,1488232640947,1488232641015,0,15,2,0,3191,0,0,5,ResultTask
426,bsagent6.localdomain,90d05655-6af4-47e7-bf7e-08fcd1ad9aef-S11,NODE_LOCAL,1488232640978,1488232641032,0,15,3,0,3243,0,0,5,ResultTask
425,bsagent6.localdomain,90d05655-6af4-47e7-bf7e-08fcd1ad9aef-S11,NODE_LOCAL,1488232640953,1488232641033,0,30,4,0,3243,0,0,5,ResultTask
427,bsagent6.localdomain,90d05655-6af4-47e7-bf7e-08fcd1ad9aef-S11,NODE_LOCAL,1488232640996,1488232641049,0,11,4,0,3197,0,0,5,ResultTask
430,bsagent6.localdomain,90d05655-6af4-47e7-bf7e-08fcd1ad9aef-S11,NODE_LOCAL,1488232641034,1488232641063,0,9,2,0,3028,0,0,5,ResultTask
429,bsagent6.localdomain,90d05655-6af4-47e7-bf7e-08fcd1ad9aef-S11,NODE_LOCAL,1488232641034,1488232641073,0,5,4,0,3028,0,0,5,ResultTask
428,bsagent6.localdomain,90d05655-6af4-47e7-bf7e-08fcd1ad9aef-S11,NODE_LOCAL,1488232641003,1488232641074,0,9,2,0,3196,0,0,5,ResultTask
431,bsagent6.localdomain,90d05655-6af4-47e7-bf7e-08fcd1ad9aef-S11,NODE_LOCAL,1488232641053,1488232641098,0,15,4,0,3240,0,0,5,ResultTask
433,bsagent6.localdomain,90d05655-6af4-47e7-bf7e-08fcd1ad9aef-S11,NODE_LOCAL,1488232641084,1488232641114,0,6,3,0,3028,0,0,5,ResultTask
432,bsagent6.localdomain,90d05655-6af4-47e7-bf7e-08fcd1ad9aef-S11,NODE_LOCAL,1488232641054,1488232641143,0,23,4,0,3194,0,0,5,ResultTask
435,bsagent6.localdomain,90d05655-6af4-47e7-bf7e-08fcd1ad9aef-S11,NODE_LOCAL,1488232641106,1488232641156,0,7,3,0,3028,0,0,5,ResultTask
434,bsagent6.localdomain,90d05655-6af4-47e7-bf7e-08fcd1ad9aef-S11,NODE_LOCAL,1488232641103,1488232641167,0,12,7,0,3292,0,0,5,ResultTask
436,bsagent6.localdomain,90d05655-6af4-47e7-bf7e-08fcd1ad9aef-S11,NODE_LOCAL,1488232641127,1488232641181,0,9,3,0,3234,0,0,5,ResultTask
437,bsagent6.localdomain,90d05655-6af4-47e7-bf7e-08fcd1ad9aef-S11,NODE_LOCAL,1488232641131,1488232641188,0,5,2,0,3028,0,0,5,ResultTask
438,bsagent6.localdomain,90d05655-6af4-47e7-bf7e-08fcd1ad9aef-S11,NODE_LOCAL,1488232641148,1488232641206,0,10,3,0,3236,0,0,5,ResultTask
439,bsagent6.localdomain,90d05655-6af4-47e7-bf7e-08fcd1ad9aef-S11,NODE_LOCAL,1488232641152,1488232641218,0,11,3,0,3028,0,0,5,ResultTask
440,bsagent6.localdomain,90d05655-6af4-47e7-bf7e-08fcd1ad9aef-S11,NODE_LOCAL,1488232641172,1488232641230,0,6,3,0,3028,0,0,5,ResultTask
441,bsagent6.localdomain,90d05655-6af4-47e7-bf7e-08fcd1ad9aef-S11,NODE_LOCAL,1488232641172,1488232641237,0,9,3,0,3241,0,0,5,ResultTask
442,bsagent6.localdomain,90d05655-6af4-47e7-bf7e-08fcd1ad9aef-S11,NODE_LOCAL,1488232641193,1488232641254,0,11,8,0,3028,0,0,5,ResultTask
443,bsagent6.localdomain,90d05655-6af4-47e7-bf7e-08fcd1ad9aef-S11,NODE_LOCAL,1488232641209,1488232641267,0,13,3,0,3197,0,0,5,ResultTask
444,bsagent6.localdomain,90d05655-6af4-47e7-bf7e-08fcd1ad9aef-S11,NODE_LOCAL,1488232641225,1488232641275,0,4,4,0,3028,0,0,5,ResultTask
446,bsagent6.localdomain,90d05655-6af4-47e7-bf7e-08fcd1ad9aef-S11,NODE_LOCAL,1488232641242,1488232641278,0,5,3,0,3028,0,0,5,ResultTask
445,bsagent6.localdomain,90d05655-6af4-47e7-bf7e-08fcd1ad9aef-S11,NODE_LOCAL,1488232641238,1488232641282,0,9,2,0,3199,0,0,5,ResultTask
447,bsagent6.localdomain,90d05655-6af4-47e7-bf7e-08fcd1ad9aef-S11,NODE_LOCAL,1488232641256,1488232641321,0,18,4,0,3193,0,0,5,ResultTask
448,bsagent6.localdomain,90d05655-6af4-47e7-bf7e-08fcd1ad9aef-S11,NODE_LOCAL,1488232641260,1488232641332,0,11,3,0,3199,0,0,5,ResultTask
449,bsagent6.localdomain,90d05655-6af4-47e7-bf7e-08fcd1ad9aef-S11,NODE_LOCAL,1488232641306,1488232641347,0,9,4,0,3197,0,0,5,ResultTask
450,bsagent6.localdomain,90d05655-6af4-47e7-bf7e-08fcd1ad9aef-S11,NODE_LOCAL,1488232641314,1488232641360,0,15,3,0,3196,0,0,5,ResultTask
451,bsagent6.localdomain,90d05655-6af4-47e7-bf7e-08fcd1ad9aef-S11,NODE_LOCAL,1488232641327,1488232641383,0,7,5,0,3028,0,0,5,ResultTask
452,bsagent6.localdomain,90d05655-6af4-47e7-bf7e-08fcd1ad9aef-S11,NODE_LOCAL,1488232641341,1488232641398,0,11,4,0,3196,0,0,5,ResultTask
453,bsagent6.localdomain,90d05655-6af4-47e7-bf7e-08fcd1ad9aef-S11,NODE_LOCAL,1488232641351,1488232641438,0,11,4,0,3197,0,0,5,ResultTask
455,bsagent6.localdomain,90d05655-6af4-47e7-bf7e-08fcd1ad9aef-S11,NODE_LOCAL,1488232641386,1488232641450,0,6,4,0,3028,0,0,5,ResultTask
454,bsagent6.localdomain,90d05655-6af4-47e7-bf7e-08fcd1ad9aef-S11,NODE_LOCAL,1488232641371,1488232641464,0,13,5,0,3248,0,0,5,ResultTask
456,bsagent6.localdomain,90d05655-6af4-47e7-bf7e-08fcd1ad9aef-S11,NODE_LOCAL,1488232641403,1488232641483,0,12,3,0,3196,0,0,5,ResultTask
457,bsagent6.localdomain,90d05655-6af4-47e7-bf7e-08fcd1ad9aef-S11,NODE_LOCAL,1488232641407,1488232641511,0,15,3,0,3235,0,0,5,ResultTask
458,bsagent6.localdomain,90d05655-6af4-47e7-bf7e-08fcd1ad9aef-S11,NODE_LOCAL,1488232641440,1488232641528,0,12,4,0,3195,0,0,5,ResultTask
459,bsagent6.localdomain,90d05655-6af4-47e7-bf7e-08fcd1ad9aef-S11,NODE_LOCAL,1488232641465,1488232641530,0,7,3,0,3028,0,0,5,ResultTask
460,bsagent6.localdomain,90d05655-6af4-47e7-bf7e-08fcd1ad9aef-S11,NODE_LOCAL,1488232641469,1488232641543,0,9,3,0,3193,0,0,5,ResultTask
461,bsagent6.localdomain,90d05655-6af4-47e7-bf7e-08fcd1ad9aef-S11,NODE_LOCAL,1488232641490,1488232641570,0,6,3,0,3028,0,0,5,ResultTask
462,bsagent6.localdomain,90d05655-6af4-47e7-bf7e-08fcd1ad9aef-S11,NODE_LOCAL,1488232641500,1488232641595,0,9,2,0,3191,0,0,5,ResultTask
463,bsagent6.localdomain,90d05655-6af4-47e7-bf7e-08fcd1ad9aef-S11,NODE_LOCAL,1488232641531,1488232641597,0,16,4,0,3028,0,0,5,ResultTask
464,bsagent6.localdomain,90d05655-6af4-47e7-bf7e-08fcd1ad9aef-S11,NODE_LOCAL,1488232641532,1488232641612,0,20,3,0,3244,0,0,5,ResultTask
465,bsagent6.localdomain,90d05655-6af4-47e7-bf7e-08fcd1ad9aef-S11,NODE_LOCAL,1488232641563,1488232641627,0,16,3,0,3197,0,0,5,ResultTask
466,bsagent6.localdomain,90d05655-6af4-47e7-bf7e-08fcd1ad9aef-S11,NODE_LOCAL,1488232641578,1488232641651,0,12,3,0,3242,0,0,5,ResultTask
468,bsagent6.localdomain,90d05655-6af4-47e7-bf7e-08fcd1ad9aef-S11,NODE_LOCAL,1488232641604,1488232641655,0,6,3,0,3028,0,0,5,ResultTask
467,bsagent6.localdomain,90d05655-6af4-47e7-bf7e-08fcd1ad9aef-S11,NODE_LOCAL,1488232641598,1488232641682,0,9,14,0,3198,0,0,5,ResultTask
469,bsagent6.localdomain,90d05655-6af4-47e7-bf7e-08fcd1ad9aef-S11,NODE_LOCAL,1488232641621,1488232641695,0,5,2,0,3028,0,0,5,ResultTask
471,bsagent6.localdomain,90d05655-6af4-47e7-bf7e-08fcd1ad9aef-S11,NODE_LOCAL,1488232641647,1488232641703,0,11,3,0,3239,0,0,5,ResultTask
473,bsagent6.localdomain,90d05655-6af4-47e7-bf7e-08fcd1ad9aef-S11,NODE_LOCAL,1488232641672,1488232641714,0,8,3,0,3195,0,0,5,ResultTask
470,bsagent6.localdomain,90d05655-6af4-47e7-bf7e-08fcd1ad9aef-S11,NODE_LOCAL,1488232641638,1488232641715,0,7,2,0,3028,0,0,5,ResultTask
472,bsagent6.localdomain,90d05655-6af4-47e7-bf7e-08fcd1ad9aef-S11,NODE_LOCAL,1488232641665,1488232641747,0,9,2,0,3290,0,0,5,ResultTask
474,bsagent6.localdomain,90d05655-6af4-47e7-bf7e-08fcd1ad9aef-S11,NODE_LOCAL,1488232641689,1488232641766,0,8,3,0,3028,0,0,5,ResultTask
477,bsagent6.localdomain,90d05655-6af4-47e7-bf7e-08fcd1ad9aef-S11,NODE_LOCAL,1488232641735,1488232641773,0,11,3,0,3287,0,0,5,ResultTask
476,bsagent6.localdomain,90d05655-6af4-47e7-bf7e-08fcd1ad9aef-S11,NODE_LOCAL,1488232641714,1488232641788,0,9,3,0,3240,0,0,5,ResultTask
475,bsagent6.localdomain,90d05655-6af4-47e7-bf7e-08fcd1ad9aef-S11,NODE_LOCAL,1488232641696,1488232641789,0,8,4,0,3192,0,0,5,ResultTask
478,bsagent6.localdomain,90d05655-6af4-47e7-bf7e-08fcd1ad9aef-S11,NODE_LOCAL,1488232641753,1488232641797,0,5,2,0,3028,0,0,5,ResultTask
481,bsagent6.localdomain,90d05655-6af4-47e7-bf7e-08fcd1ad9aef-S11,NODE_LOCAL,1488232641787,1488232641823,0,7,3,0,3028,0,0,5,ResultTask
480,bsagent6.localdomain,90d05655-6af4-47e7-bf7e-08fcd1ad9aef-S11,NODE_LOCAL,1488232641769,1488232641833,0,12,3,0,3235,0,0,5,ResultTask
479,bsagent6.localdomain,90d05655-6af4-47e7-bf7e-08fcd1ad9aef-S11,NODE_LOCAL,1488232641759,1488232641834,0,8,2,0,3240,0,0,5,ResultTask
482,bsagent6.localdomain,90d05655-6af4-47e7-bf7e-08fcd1ad9aef-S11,NODE_LOCAL,1488232641800,1488232641845,0,14,5,0,3245,0,0,5,ResultTask
485,bsagent6.localdomain,90d05655-6af4-47e7-bf7e-08fcd1ad9aef-S11,NODE_LOCAL,1488232641836,1488232641881,0,5,2,0,3028,0,0,5,ResultTask
484,bsagent6.localdomain,90d05655-6af4-47e7-bf7e-08fcd1ad9aef-S11,NODE_LOCAL,1488232641829,1488232641907,0,8,5,0,3028,0,0,5,ResultTask
483,bsagent6.localdomain,90d05655-6af4-47e7-bf7e-08fcd1ad9aef-S11,NODE_LOCAL,1488232641809,1488232641921,0,8,10,0,3196,0,0,5,ResultTask
486,bsagent6.localdomain,90d05655-6af4-47e7-bf7e-08fcd1ad9aef-S11,NODE_LOCAL,1488232641851,1488232641972,0,10,4,0,3199,0,0,5,ResultTask
489,bsagent6.localdomain,90d05655-6af4-47e7-bf7e-08fcd1ad9aef-S11,NODE_LOCAL,1488232641898,1488232642010,0,6,2,0,3028,0,0,5,ResultTask
487,bsagent6.localdomain,90d05655-6af4-47e7-bf7e-08fcd1ad9aef-S11,NODE_LOCAL,1488232641851,1488232642035,0,8,21,0,3028,0,0,5,ResultTask
488,bsagent6.localdomain,90d05655-6af4-47e7-bf7e-08fcd1ad9aef-S11,NODE_LOCAL,1488232641891,1488232642037,0,4,3,0,3028,0,0,5,ResultTask
490,bsagent6.localdomain,90d05655-6af4-47e7-bf7e-08fcd1ad9aef-S11,NODE_LOCAL,1488232641944,1488232642086,0,9,4,0,3028,0,0,5,ResultTask
492,bsagent6.localdomain,90d05655-6af4-47e7-bf7e-08fcd1ad9aef-S11,NODE_LOCAL,1488232641991,1488232642142,0,18,3,0,3244,0,0,5,ResultTask
491,bsagent6.localdomain,90d05655-6af4-47e7-bf7e-08fcd1ad9aef-S11,NODE_LOCAL,1488232641991,1488232642154,0,10,4,0,3193,0,0,5,ResultTask
493,bsagent6.localdomain,90d05655-6af4-47e7-bf7e-08fcd1ad9aef-S11,NODE_LOCAL,1488232642060,1488232642192,0,7,4,0,3028,0,0,5,ResultTask
494,bsagent6.localdomain,90d05655-6af4-47e7-bf7e-08fcd1ad9aef-S11,NODE_LOCAL,1488232642082,1488232642212,0,11,4,0,3295,0,0,5,ResultTask
496,bsagent6.localdomain,90d05655-6af4-47e7-bf7e-08fcd1ad9aef-S11,NODE_LOCAL,1488232642156,1488232642269,0,8,6,0,3028,0,0,5,ResultTask
495,bsagent6.localdomain,90d05655-6af4-47e7-bf7e-08fcd1ad9aef-S11,NODE_LOCAL,1488232642105,1488232642297,0,14,4,0,3237,0,0,5,ResultTask
497,bsagent6.localdomain,90d05655-6af4-47e7-bf7e-08fcd1ad9aef-S11,NODE_LOCAL,1488232642195,1488232642358,0,13,6,0,3241,0,0,5,ResultTask
498,bsagent6.localdomain,90d05655-6af4-47e7-bf7e-08fcd1ad9aef-S11,NODE_LOCAL,1488232642196,1488232642387,0,18,6,0,3190,0,0,5,ResultTask
499,bsagent6.localdomain,90d05655-6af4-47e7-bf7e-08fcd1ad9aef-S11,NODE_LOCAL,1488232642257,1488232642409,0,13,5,0,3239,0,0,5,ResultTask
500,bsagent6.localdomain,90d05655-6af4-47e7-bf7e-08fcd1ad9aef-S11,NODE_LOCAL,1488232642301,1488232642431,0,11,4,0,3243,0,0,5,ResultTask
501,bsagent6.localdomain,90d05655-6af4-47e7-bf7e-08fcd1ad9aef-S11,NODE_LOCAL,1488232642302,1488232642486,0,13,3,0,3243,0,0,5,ResultTask
502,bsagent6.localdomain,90d05655-6af4-47e7-bf7e-08fcd1ad9aef-S11,NODE_LOCAL,1488232642366,1488232642509,0,12,9,0,3193,0,0,5,ResultTask
503,bsagent6.localdomain,90d05655-6af4-47e7-bf7e-08fcd1ad9aef-S11,NODE_LOCAL,1488232642366,1488232642513,0,9,4,0,3192,0,0,5,ResultTask
505,bsagent6.localdomain,90d05655-6af4-47e7-bf7e-08fcd1ad9aef-S11,NODE_LOCAL,1488232642476,1488232642570,0,18,45,38,3198,0,0,5,ResultTask
504,bsagent6.localdomain,90d05655-6af4-47e7-bf7e-08fcd1ad9aef-S11,NODE_LOCAL,1488232642460,1488232642577,0,57,6,38,3193,0,0,5,ResultTask
506,bsagent6.localdomain,90d05655-6af4-47e7-bf7e-08fcd1ad9aef-S11,NODE_LOCAL,1488232642556,1488232642615,0,11,4,0,3189,0,0,5,ResultTask
507,bsagent6.localdomain,90d05655-6af4-47e7-bf7e-08fcd1ad9aef-S11,NODE_LOCAL,1488232642560,1488232642621,0,11,3,0,3241,0,0,5,ResultTask
508,bsagent6.localdomain,90d05655-6af4-47e7-bf7e-08fcd1ad9aef-S11,NODE_LOCAL,1488232642580,1488232642625,0,13,3,0,3286,0,0,5,ResultTask
509,bsagent6.localdomain,90d05655-6af4-47e7-bf7e-08fcd1ad9aef-S11,NODE_LOCAL,1488232642586,1488232642645,0,11,3,0,3193,0,0,5,ResultTask
511,bsagent6.localdomain,90d05655-6af4-47e7-bf7e-08fcd1ad9aef-S11,NODE_LOCAL,1488232642628,1488232642672,0,8,3,0,3244,0,0,5,ResultTask
510,bsagent6.localdomain,90d05655-6af4-47e7-bf7e-08fcd1ad9aef-S11,NODE_LOCAL,1488232642606,1488232642675,0,13,4,0,3235,0,0,5,ResultTask
513,bsagent6.localdomain,90d05655-6af4-47e7-bf7e-08fcd1ad9aef-S11,NODE_LOCAL,1488232642654,1488232642712,0,9,2,0,3190,0,0,5,ResultTask
512,bsagent6.localdomain,90d05655-6af4-47e7-bf7e-08fcd1ad9aef-S11,NODE_LOCAL,1488232642647,1488232642718,0,9,2,0,3331,0,0,5,ResultTask
515,bsagent6.localdomain,90d05655-6af4-47e7-bf7e-08fcd1ad9aef-S11,NODE_LOCAL,1488232642678,1488232642735,0,8,3,0,3189,0,0,5,ResultTask
514,bsagent6.localdomain,90d05655-6af4-47e7-bf7e-08fcd1ad9aef-S11,NODE_LOCAL,1488232642677,1488232642750,0,8,2,0,3288,0,0,5,ResultTask
516,bsagent6.localdomain,90d05655-6af4-47e7-bf7e-08fcd1ad9aef-S11,NODE_LOCAL,1488232642706,1488232642757,0,4,3,0,3028,0,0,5,ResultTask
518,bsagent6.localdomain,90d05655-6af4-47e7-bf7e-08fcd1ad9aef-S11,NODE_LOCAL,1488232642728,1488232642771,0,11,2,0,3190,0,0,5,ResultTask
517,bsagent6.localdomain,90d05655-6af4-47e7-bf7e-08fcd1ad9aef-S11,NODE_LOCAL,1488232642728,1488232642777,0,9,2,0,3191,0,0,5,ResultTask
519,bsagent6.localdomain,90d05655-6af4-47e7-bf7e-08fcd1ad9aef-S11,NODE_LOCAL,1488232642752,1488232642802,0,8,4,0,3239,0,0,5,ResultTask
520,bsagent6.localdomain,90d05655-6af4-47e7-bf7e-08fcd1ad9aef-S11,NODE_LOCAL,1488232642765,1488232642817,0,10,3,0,3195,0,0,5,ResultTask
522,bsagent6.localdomain,90d05655-6af4-47e7-bf7e-08fcd1ad9aef-S11,NODE_LOCAL,1488232642789,1488232642849,0,5,3,0,3028,0,0,5,ResultTask
521,bsagent6.localdomain,90d05655-6af4-47e7-bf7e-08fcd1ad9aef-S11,NODE_LOCAL,1488232642779,1488232642899,0,19,3,0,3246,0,0,5,ResultTask
523,bsagent6.localdomain,90d05655-6af4-47e7-bf7e-08fcd1ad9aef-S11,NODE_LOCAL,1488232642811,1488232642900,0,13,2,0,3193,0,0,5,ResultTask
524,bsagent6.localdomain,90d05655-6af4-47e7-bf7e-08fcd1ad9aef-S11,NODE_LOCAL,1488232642820,1488232642915,0,5,3,0,3028,0,0,5,ResultTask
525,bsagent6.localdomain,90d05655-6af4-47e7-bf7e-08fcd1ad9aef-S11,NODE_LOCAL,1488232642863,1488232642942,0,15,8,0,3283,0,0,5,ResultTask
526,bsagent6.localdomain,90d05655-6af4-47e7-bf7e-08fcd1ad9aef-S11,NODE_LOCAL,1488232642864,1488232642969,0,5,3,0,3028,0,0,5,ResultTask
527,bsagent6.localdomain,90d05655-6af4-47e7-bf7e-08fcd1ad9aef-S11,NODE_LOCAL,1488232642917,1488232643105,0,12,4,0,3190,0,0,5,ResultTask
529,bsagent6.localdomain,90d05655-6af4-47e7-bf7e-08fcd1ad9aef-S11,NODE_LOCAL,1488232642983,1488232643114,0,10,4,0,3197,0,0,5,ResultTask
528,bsagent6.localdomain,90d05655-6af4-47e7-bf7e-08fcd1ad9aef-S11,NODE_LOCAL,1488232642917,1488232643144,0,14,4,0,3196,0,0,5,ResultTask
531,bsagent6.localdomain,90d05655-6af4-47e7-bf7e-08fcd1ad9aef-S11,NODE_LOCAL,1488232643068,1488232643170,0,8,4,0,3028,0,0,5,ResultTask
530,bsagent6.localdomain,90d05655-6af4-47e7-bf7e-08fcd1ad9aef-S11,NODE_LOCAL,1488232643012,1488232643195,0,10,3,0,3289,0,0,5,ResultTask
532,bsagent6.localdomain,90d05655-6af4-47e7-bf7e-08fcd1ad9aef-S11,NODE_LOCAL,1488232643128,1488232643268,0,7,5,0,3028,0,0,5,ResultTask
533,bsagent6.localdomain,90d05655-6af4-47e7-bf7e-08fcd1ad9aef-S11,NODE_LOCAL,1488232643129,1488232643299,0,13,3,0,3195,0,0,5,ResultTask
534,bsagent6.localdomain,90d05655-6af4-47e7-bf7e-08fcd1ad9aef-S11,NODE_LOCAL,1488232643198,1488232643325,0,7,4,0,3028,0,0,5,ResultTask
535,bsagent6.localdomain,90d05655-6af4-47e7-bf7e-08fcd1ad9aef-S11,NODE_LOCAL,1488232643199,1488232643345,0,14,4,0,3241,0,0,5,ResultTask
537,bsagent6.localdomain,90d05655-6af4-47e7-bf7e-08fcd1ad9aef-S11,NODE_LOCAL,1488232643261,1488232643371,0,10,3,0,3238,0,0,5,ResultTask
536,bsagent6.localdomain,90d05655-6af4-47e7-bf7e-08fcd1ad9aef-S11,NODE_LOCAL,1488232643239,1488232643395,0,10,4,0,3195,0,0,5,ResultTask
538,bsagent6.localdomain,90d05655-6af4-47e7-bf7e-08fcd1ad9aef-S11,NODE_LOCAL,1488232643294,1488232643502,0,13,5,0,3194,0,0,5,ResultTask
539,bsagent6.localdomain,90d05655-6af4-47e7-bf7e-08fcd1ad9aef-S11,NODE_LOCAL,1488232643294,1488232643527,0,15,11,0,3334,0,0,5,ResultTask
541,bsagent6.localdomain,90d05655-6af4-47e7-bf7e-08fcd1ad9aef-S11,NODE_LOCAL,1488232643400,1488232643607,0,18,5,0,3198,0,0,5,ResultTask
540,bsagent6.localdomain,90d05655-6af4-47e7-bf7e-08fcd1ad9aef-S11,NODE_LOCAL,1488232643400,1488232643619,0,14,4,0,3235,0,0,5,ResultTask
542,bsagent6.localdomain,90d05655-6af4-47e7-bf7e-08fcd1ad9aef-S11,NODE_LOCAL,1488232643460,1488232643626,0,13,4,0,3199,0,0,5,ResultTask
543,bsagent6.localdomain,90d05655-6af4-47e7-bf7e-08fcd1ad9aef-S11,NODE_LOCAL,1488232643507,1488232643640,0,15,4,0,3189,0,0,5,ResultTask
544,bsagent6.localdomain,90d05655-6af4-47e7-bf7e-08fcd1ad9aef-S11,NODE_LOCAL,1488232643530,1488232643650,0,7,6,0,3028,0,0,5,ResultTask
547,bsagent6.localdomain,90d05655-6af4-47e7-bf7e-08fcd1ad9aef-S11,NODE_LOCAL,1488232643685,1488232643744,0,6,4,0,3028,0,0,5,ResultTask
545,bsagent6.localdomain,90d05655-6af4-47e7-bf7e-08fcd1ad9aef-S11,NODE_LOCAL,1488232643575,1488232643752,0,17,14,0,3240,0,0,5,ResultTask
548,bsagent6.localdomain,90d05655-6af4-47e7-bf7e-08fcd1ad9aef-S11,NODE_LOCAL,1488232643698,1488232643765,0,11,6,0,3194,0,0,5,ResultTask
546,bsagent6.localdomain,90d05655-6af4-47e7-bf7e-08fcd1ad9aef-S11,NODE_LOCAL,1488232643587,1488232643771,0,18,4,0,3287,0,0,5,ResultTask
549,bsagent6.localdomain,90d05655-6af4-47e7-bf7e-08fcd1ad9aef-S11,NODE_LOCAL,1488232643715,1488232643804,0,12,4,0,3292,0,0,5,ResultTask
552,bsagent6.localdomain,90d05655-6af4-47e7-bf7e-08fcd1ad9aef-S11,NODE_LOCAL,1488232643769,1488232643813,0,9,3,0,3199,0,0,5,ResultTask
551,bsagent6.localdomain,90d05655-6af4-47e7-bf7e-08fcd1ad9aef-S11,NODE_LOCAL,1488232643748,1488232643817,0,9,3,0,3235,0,0,5,ResultTask
550,bsagent6.localdomain,90d05655-6af4-47e7-bf7e-08fcd1ad9aef-S11,NODE_LOCAL,1488232643731,1488232643823,0,13,4,0,3244,0,0,5,ResultTask
553,bsagent6.localdomain,90d05655-6af4-47e7-bf7e-08fcd1ad9aef-S11,NODE_LOCAL,1488232643770,1488232643839,0,8,9,0,3198,0,0,5,ResultTask
554,bsagent6.localdomain,90d05655-6af4-47e7-bf7e-08fcd1ad9aef-S11,NODE_LOCAL,1488232643793,1488232643852,0,4,3,0,3028,0,0,5,ResultTask
557,bsagent6.localdomain,90d05655-6af4-47e7-bf7e-08fcd1ad9aef-S11,NODE_LOCAL,1488232643841,1488232643871,0,8,2,0,3193,0,0,5,ResultTask
556,bsagent6.localdomain,90d05655-6af4-47e7-bf7e-08fcd1ad9aef-S11,NODE_LOCAL,1488232643824,1488232643878,0,5,3,0,3028,0,0,5,ResultTask
555,bsagent6.localdomain,90d05655-6af4-47e7-bf7e-08fcd1ad9aef-S11,NODE_LOCAL,1488232643817,1488232643878,0,8,3,0,3238,0,0,5,ResultTask
559,bsagent6.localdomain,90d05655-6af4-47e7-bf7e-08fcd1ad9aef-S11,NODE_LOCAL,1488232643864,1488232643955,0,13,2,0,3246,0,0,5,ResultTask
558,bsagent6.localdomain,90d05655-6af4-47e7-bf7e-08fcd1ad9aef-S11,NODE_LOCAL,1488232643850,1488232643989,0,11,3,0,3291,0,0,5,ResultTask
560,bsagent6.localdomain,90d05655-6af4-47e7-bf7e-08fcd1ad9aef-S11,NODE_LOCAL,1488232643877,1488232643992,0,8,3,0,3189,0,0,5,ResultTask
562,bsagent6.localdomain,90d05655-6af4-47e7-bf7e-08fcd1ad9aef-S11,NODE_LOCAL,1488232643918,1488232644145,0,53,3,36,3190,0,0,5,ResultTask
561,bsagent6.localdomain,90d05655-6af4-47e7-bf7e-08fcd1ad9aef-S11,NODE_LOCAL,1488232643897,1488232644165,0,6,4,0,3028,0,0,5,ResultTask
564,bsagent6.localdomain,90d05655-6af4-47e7-bf7e-08fcd1ad9aef-S11,NODE_LOCAL,1488232643992,1488232644187,0,18,4,0,3192,0,0,5,ResultTask
563,bsagent6.localdomain,90d05655-6af4-47e7-bf7e-08fcd1ad9aef-S11,NODE_LOCAL,1488232643992,1488232644194,0,8,3,0,3295,0,0,5,ResultTask
566,bsagent6.localdomain,90d05655-6af4-47e7-bf7e-08fcd1ad9aef-S11,NODE_LOCAL,1488232644086,1488232644276,0,13,2,0,3196,0,0,5,ResultTask
567,bsagent6.localdomain,90d05655-6af4-47e7-bf7e-08fcd1ad9aef-S11,NODE_LOCAL,1488232644175,1488232644278,0,7,4,0,3028,0,0,5,ResultTask
565,bsagent6.localdomain,90d05655-6af4-47e7-bf7e-08fcd1ad9aef-S11,NODE_LOCAL,1488232644055,1488232644290,0,16,4,0,3196,0,0,5,ResultTask
568,bsagent6.localdomain,90d05655-6af4-47e7-bf7e-08fcd1ad9aef-S11,NODE_LOCAL,1488232644196,1488232644336,0,11,4,0,3192,0,0,5,ResultTask
571,bsagent6.localdomain,90d05655-6af4-47e7-bf7e-08fcd1ad9aef-S11,NODE_LOCAL,1488232644348,1488232644432,0,10,3,0,3197,0,0,5,ResultTask
569,bsagent6.localdomain,90d05655-6af4-47e7-bf7e-08fcd1ad9aef-S11,NODE_LOCAL,1488232644227,1488232644433,0,14,4,0,3248,0,0,5,ResultTask
570,bsagent6.localdomain,90d05655-6af4-47e7-bf7e-08fcd1ad9aef-S11,NODE_LOCAL,1488232644305,1488232644453,0,10,4,0,3192,0,0,5,ResultTask
573,bsagent6.localdomain,90d05655-6af4-47e7-bf7e-08fcd1ad9aef-S11,NODE_LOCAL,1488232644388,1488232644549,0,16,2,0,3242,0,0,5,ResultTask
572,bsagent6.localdomain,90d05655-6af4-47e7-bf7e-08fcd1ad9aef-S11,NODE_LOCAL,1488232644366,1488232644597,0,12,3,0,3193,0,0,5,ResultTask
575,bsagent6.localdomain,90d05655-6af4-47e7-bf7e-08fcd1ad9aef-S11,NODE_LOCAL,1488232644460,1488232644615,0,8,4,0,3028,0,0,5,ResultTask
574,bsagent6.localdomain,90d05655-6af4-47e7-bf7e-08fcd1ad9aef-S11,NODE_LOCAL,1488232644434,1488232644650,0,12,3,0,3195,0,0,5,ResultTask
577,bsagent6.localdomain,90d05655-6af4-47e7-bf7e-08fcd1ad9aef-S11,NODE_LOCAL,1488232644537,1488232644667,0,14,4,0,3240,0,0,5,ResultTask
576,bsagent6.localdomain,90d05655-6af4-47e7-bf7e-08fcd1ad9aef-S11,NODE_LOCAL,1488232644500,1488232644674,0,8,4,0,3028,0,0,5,ResultTask
579,bsagent6.localdomain,90d05655-6af4-47e7-bf7e-08fcd1ad9aef-S11,NODE_LOCAL,1488232644586,1488232644695,0,9,12,0,3028,0,0,5,ResultTask
578,bsagent6.localdomain,90d05655-6af4-47e7-bf7e-08fcd1ad9aef-S11,NODE_LOCAL,1488232644562,1488232644696,0,13,12,0,3240,0,0,5,ResultTask
581,bsagent6.localdomain,90d05655-6af4-47e7-bf7e-08fcd1ad9aef-S11,NODE_LOCAL,1488232644676,1488232644728,0,9,4,0,3195,0,0,5,ResultTask
580,bsagent6.localdomain,90d05655-6af4-47e7-bf7e-08fcd1ad9aef-S11,NODE_LOCAL,1488232644675,1488232644773,0,16,10,0,3246,0,0,5,ResultTask
582,bsagent6.localdomain,90d05655-6af4-47e7-bf7e-08fcd1ad9aef-S11,NODE_LOCAL,1488232644699,1488232644778,0,6,3,0,3028,0,0,5,ResultTask
584,bsagent6.localdomain,90d05655-6af4-47e7-bf7e-08fcd1ad9aef-S11,NODE_LOCAL,1488232644720,1488232644788,0,4,3,0,3028,0,0,5,ResultTask
583,bsagent6.localdomain,90d05655-6af4-47e7-bf7e-08fcd1ad9aef-S11,NODE_LOCAL,1488232644713,1488232644804,0,17,4,0,3194,0,0,5,ResultTask
586,bsagent6.localdomain,90d05655-6af4-47e7-bf7e-08fcd1ad9aef-S11,NODE_LOCAL,1488232644779,1488232644823,0,10,3,0,3194,0,0,5,ResultTask
585,bsagent6.localdomain,90d05655-6af4-47e7-bf7e-08fcd1ad9aef-S11,NODE_LOCAL,1488232644736,1488232644827,0,12,4,0,3235,0,0,5,ResultTask
587,bsagent6.localdomain,90d05655-6af4-47e7-bf7e-08fcd1ad9aef-S11,NODE_LOCAL,1488232644795,1488232644846,0,7,3,0,3028,0,0,5,ResultTask
589,bsagent6.localdomain,90d05655-6af4-47e7-bf7e-08fcd1ad9aef-S11,NODE_LOCAL,1488232644824,1488232644860,0,10,5,0,3028,0,0,5,ResultTask
588,bsagent6.localdomain,90d05655-6af4-47e7-bf7e-08fcd1ad9aef-S11,NODE_LOCAL,1488232644806,1488232644866,0,14,2,0,3192,0,0,5,ResultTask
590,bsagent6.localdomain,90d05655-6af4-47e7-bf7e-08fcd1ad9aef-S11,NODE_LOCAL,1488232644840,1488232644875,0,12,4,0,3248,0,0,5,ResultTask
591,bsagent6.localdomain,90d05655-6af4-47e7-bf7e-08fcd1ad9aef-S11,NODE_LOCAL,1488232644852,1488232644956,0,10,4,0,3199,0,0,5,ResultTask
592,bsagent6.localdomain,90d05655-6af4-47e7-bf7e-08fcd1ad9aef-S11,NODE_LOCAL,1488232644867,1488232644957,0,6,3,0,3028,0,0,5,ResultTask
593,bsagent6.localdomain,90d05655-6af4-47e7-bf7e-08fcd1ad9aef-S11,NODE_LOCAL,1488232644895,1488232644971,0,11,4,0,3193,0,0,5,ResultTask
594,bsagent6.localdomain,90d05655-6af4-47e7-bf7e-08fcd1ad9aef-S11,NODE_LOCAL,1488232644906,1488232644972,0,15,4,0,3190,0,0,5,ResultTask
595,bsagent6.localdomain,90d05655-6af4-47e7-bf7e-08fcd1ad9aef-S11,NODE_LOCAL,1488232644926,1488232644988,0,6,3,0,3028,0,0,5,ResultTask
596,bsagent6.localdomain,90d05655-6af4-47e7-bf7e-08fcd1ad9aef-S11,NODE_LOCAL,1488232644943,1488232645012,0,8,4,0,3197,0,0,5,ResultTask
597,bsagent6.localdomain,90d05655-6af4-47e7-bf7e-08fcd1ad9aef-S11,NODE_LOCAL,1488232644946,1488232645013,0,11,4,0,3028,0,0,5,ResultTask
598,bsagent6.localdomain,90d05655-6af4-47e7-bf7e-08fcd1ad9aef-S11,NODE_LOCAL,1488232644985,1488232645042,0,14,5,0,3189,0,0,5,ResultTask
599,bsagent6.localdomain,90d05655-6af4-47e7-bf7e-08fcd1ad9aef-S11,NODE_LOCAL,1488232644996,1488232645052,0,13,4,0,3193,0,0,5,ResultTask
601,bsagent6.localdomain,90d05655-6af4-47e7-bf7e-08fcd1ad9aef-S11,NODE_LOCAL,1488232645035,1488232645104,0,11,4,0,3285,0,0,5,ResultTask
603,bsagent6.localdomain,90d05655-6af4-47e7-bf7e-08fcd1ad9aef-S11,NODE_LOCAL,1488232645062,1488232645107,0,6,3,0,3028,0,0,5,ResultTask
600,bsagent6.localdomain,90d05655-6af4-47e7-bf7e-08fcd1ad9aef-S11,NODE_LOCAL,1488232645027,1488232645108,0,13,4,0,3190,0,0,5,ResultTask
602,bsagent6.localdomain,90d05655-6af4-47e7-bf7e-08fcd1ad9aef-S11,NODE_LOCAL,1488232645053,1488232645116,0,5,3,0,3028,0,0,5,ResultTask
605,bsagent6.localdomain,90d05655-6af4-47e7-bf7e-08fcd1ad9aef-S11,NODE_LOCAL,1488232645079,1488232645129,0,4,3,0,3028,0,0,5,ResultTask
606,bsagent6.localdomain,90d05655-6af4-47e7-bf7e-08fcd1ad9aef-S11,NODE_LOCAL,1488232645095,1488232645143,0,9,3,0,3292,0,0,5,ResultTask
604,bsagent6.localdomain,90d05655-6af4-47e7-bf7e-08fcd1ad9aef-S11,NODE_LOCAL,1488232645069,1488232645148,0,6,3,0,3028,0,0,5,ResultTask
609,bsagent6.localdomain,90d05655-6af4-47e7-bf7e-08fcd1ad9aef-S11,NODE_LOCAL,1488232645124,1488232645159,0,8,3,0,3241,0,0,5,ResultTask
607,bsagent6.localdomain,90d05655-6af4-47e7-bf7e-08fcd1ad9aef-S11,NODE_LOCAL,1488232645099,1488232645168,0,15,3,0,3196,0,0,5,ResultTask
610,bsagent6.localdomain,90d05655-6af4-47e7-bf7e-08fcd1ad9aef-S11,NODE_LOCAL,1488232645150,1488232645185,0,9,2,0,3028,0,0,5,ResultTask
608,bsagent6.localdomain,90d05655-6af4-47e7-bf7e-08fcd1ad9aef-S11,NODE_LOCAL,1488232645120,1488232645188,0,28,3,0,3192,0,0,5,ResultTask
612,bsagent6.localdomain,90d05655-6af4-47e7-bf7e-08fcd1ad9aef-S11,NODE_LOCAL,1488232645166,1488232645208,0,15,3,0,3196,0,0,5,ResultTask
613,bsagent6.localdomain,90d05655-6af4-47e7-bf7e-08fcd1ad9aef-S11,NODE_LOCAL,1488232645191,1488232645241,0,5,2,0,3028,0,0,5,ResultTask
611,bsagent6.localdomain,90d05655-6af4-47e7-bf7e-08fcd1ad9aef-S11,NODE_LOCAL,1488232645162,1488232645250,0,14,6,0,3194,0,0,5,ResultTask
614,bsagent6.localdomain,90d05655-6af4-47e7-bf7e-08fcd1ad9aef-S11,NODE_LOCAL,1488232645214,1488232645270,0,7,2,0,3196,0,0,5,ResultTask
615,bsagent6.localdomain,90d05655-6af4-47e7-bf7e-08fcd1ad9aef-S11,NODE_LOCAL,1488232645231,1488232645276,0,7,3,0,3194,0,0,5,ResultTask
